variant_id,naive_count,post_count,naive_freq,post_freq,log2_enrichment,enrichment_ratio
DB2_DMS_35LK,270,29049,0.003099658008212378,0.051646556214743004,4.058491199776493,16.662017576748212
DB2_DMS_38LS,289,19659,0.003316977204360109,0.03495254028164707,3.3974563091641197,10.537467738910765
DB2_DMS_23TA,152,9573,0.0017499914216106784,0.01702114041996384,3.281907945978226,9.726413632529532
DB2_DMS_55ES,106,6361,0.001223850209884592,0.011310684703552324,3.2081873680894777,9.24188647613903
DB2_DMS_38LK,184,10872,0.002116002699333173,0.01933056818323238,3.191470670319174,9.135417544280129
DB2_DMS_41LK,132,7713,0.0015212343730341192,0.0137143385418426,3.1723706930786832,9.015269957704938
DB2_DMS_73KF,25,1476,0.000297384163149527,0.0026258851473038008,3.1424040905748085,8.829942790139386
DB2_DMS_70IV,145,8108,0.0016699264546088826,0.014416589478325336,3.109873436326945,8.633068503428122
DB2_DMS_67LS,155,8113,0.0017843049788971623,0.014425478730685877,3.0151850662951354,8.084648589391893
DB2_DMS_32IK,98,5129,0.0011323473904539683,0.00912037292191503,3.0097761883659184,8.054394789799083
DB2_DMS_32IA,146,7406,0.0016813643070377107,0.013168538446905385,2.9693909749786846,7.832055427717624
DB2_DMS_63LS,86,4034,0.0009950931613080327,0.007173626654956558,2.8497991602675254,7.209000055358586
DB2_DMS_48GF,204,9442,0.0023447597479097325,0.016788242008117665,2.8399391534515366,7.159898587940094
DB2_DMS_70IS,104,4310,0.0012009745050269361,0.00766431338525842,2.673951027463481,6.381745285331032
DB2_DMS_39RS,229,9391,0.0026307060586304317,0.016697571634040148,2.666116340116788,6.3471825669238955
DB2_DMS_54EA,111,4465,0.001281039472028732,0.007939880208435189,2.6318023117159806,6.197998095922144
DB2_DMS_65EV,42,1697,0.0004918276544396025,0.0030187901016397113,2.6177456868020514,6.137902320843216
DB2_DMS_64KD,143,5411,0.0016470507497512268,0.009621726755049539,2.546410820485336,5.841791308800182
DB2_DMS_46AS,153,5734,0.0017614292740395063,0.010195972457540486,2.533180928159397,5.788465428508488
DB2_DMS_30EL,132,4871,0.0015212343730341192,0.008661687500111115,2.5094056803562537,5.6938547101294334
DB2_DMS_69RD,149,5432,0.0017156778643241946,0.009659061614963813,2.4931043391265546,5.629880652897808
DB2_DMS_17YV,291,10147,0.0033398529092177652,0.01804162659095394,2.433472943135033,5.4019225041798355
DB2_DMS_50EK,127,3989,0.0014640451108899792,0.0070936233837116894,2.2765627290608195,4.845221865738511
DB2_DMS_41LF,196,5941,0.0022532569284791086,0.010563987505266883,2.22907076833015,4.688319104558266
DB2_DMS_72AV,33,986,0.0003888869825801507,0.0017547384159707863,2.1738331311571697,4.512206616762056
DB2_DMS_23TD,280,8003,0.0032140365325006577,0.014229915178753976,2.1464688296359262,4.427427950759008
DB2_DMS_61EA,145,4100,0.0016699264546088826,0.007290964786115699,2.1263251673983103,4.366039454008969
DB2_DMS_38LV,135,3700,0.001555547930320603,0.006579824597272422,2.0806262770009925,4.229907975845078
DB2_DMS_44KA,165,4343,0.0018986835031854418,0.00772298245083799,2.024158654408548,4.067545980086233
DB2_DMS_20RK,157,4102,0.0018071806837548182,0.0072945204870599155,2.0130723886665436,4.036409061159249
DB2_DMS_70IF,115,2916,0.0013267908817440437,0.005185989827139598,1.9666783737217168,3.9086715913533445
DB2_DMS_60VD,105,2646,0.0012124123574557642,0.004705970199670386,1.9566117228833104,3.8814930998771904
DB2_DMS_3LD,250,5991,0.0028709009596358187,0.010652880028872292,1.8916680524590903,3.710640032048907
DB2_DMS_15ED,132,3158,0.0015212343730341192,0.005616229641389781,1.8843594841967946,3.6918897843388505
DB2_DMS_29PA,135,3177,0.001555547930320603,0.005650008800359837,1.860830266049291,3.6321663191666196
DB2_DMS_63LK,117,2699,0.0013496665866016997,0.004800196274692121,1.8304903405274633,3.5565793228818428
DB2_DMS_66AK,116,2661,0.0013382287341728717,0.00473263795675201,1.8223198342795985,3.536494050605739
DB2_DMS_10LD,288,6426,0.0033055393519312816,0.011426244984239355,1.7893937724870508,3.4566960994016003
DB2_DMS_10LS,171,3787,0.00196731061775841,0.006734497588345835,1.775345558717398,3.423199939834232
DB2_DMS_43WL,282,6198,0.0032369122373583138,0.011020895076598687,1.7675512437647358,3.4047556030104116
DB2_DMS_55EA,85,1874,0.000983655308879205,0.0033334696352028616,1.7607998235196187,3.388859496931988
DB2_DMS_62RS,93,2041,0.0010751581283098286,0.0036303706640449297,1.7555679971512752,3.3765923062423844
DB2_DMS_32IS,129,2776,0.0014869208157476353,0.004937090761044451,1.7313333467415026,3.3203454472873486
DB2_DMS_69RK,152,3236,0.0017499914216106784,0.00575490197821422,1.7174435054676325,3.28853153629602
DB2_DMS_17YA,157,3312,0.0018071806837548182,0.005890018614094443,1.704531437855023,3.2592306165295133
DB2_DMS_67LD,146,3056,0.0016813643070377107,0.005434888893234745,1.6926181900017168,3.23242789827633
DB2_DMS_7LF,324,6747,0.003717302039369088,0.011996934985786085,1.69033804832286,3.2273231657608976
DB2_DMS_70ID,107,2188,0.00123528806231342,0.0038917146834448343,1.6555584349685888,3.1504511394342445
DB2_DMS_28TK,130,2629,0.0014983586681764631,0.004675746741644548,1.6418137805933257,3.1205790982842836
DB2_DMS_24RS,126,2533,0.0014526072584611514,0.00450507309632216,1.6329058203197546,3.101370360144489
DB2_DMS_57RS,98,1958,0.0011323473904539683,0.0034828090748599497,1.6209347601390887,3.0757425717770763
DB2_DMS_1SD,174,3450,0.0020016241750448935,0.006135361979245374,1.615977344554298,3.0651917856196786
DB2_DMS_30EA,127,2463,0.0014640451108899792,0.004380623563274587,1.5811762386460124,2.992137011824483
DB2_DMS_12KD,173,3303,0.0019901863226160655,0.005874017959845469,1.5614441735218285,2.9514914724789056
DB2_DMS_45AS,263,4944,0.0030195930412105824,0.008791470584575014,1.5417503842391311,2.9114753096167005
DB2_DMS_3LF,303,5634,0.003477107138363701,0.010018187410329667,1.526662079567109,2.8811845628214225
DB2_DMS_47DV,117,2182,0.0013496665866016997,0.003881047580612185,1.523843063580061,2.875560245130023
DB2_DMS_11KS,304,5552,0.003488544990792529,0.009872403671616795,1.500775946092593,2.8299487888714254
DB2_DMS_55ED,119,2183,0.0013725422914593556,0.003882825431084293,1.500256243262445,2.828929538452239
DB2_DMS_5KF,287,5237,0.0032941014995024535,0.009312380772902714,1.499265040859395,2.8269865923406647
DB2_DMS_45AK,140,2486,0.0016127371924647429,0.004421514124133076,1.4550291377692244,2.741620981268303
DB2_DMS_22IV,163,2882,0.001875807798327786,0.00512554291108792,1.450192814827934,2.73244567788723
DB2_DMS_44KF,158,2775,0.0018186185361836462,0.004935312910572343,1.4402985952450167,2.713770267034147
DB2_DMS_1SA,234,4086,0.0026878953207745714,0.007266074879506184,1.4346992794067701,2.7032581303844516
DB2_DMS_58RS,163,2810,0.001875807798327786,0.00499753767709613,1.4137054317133704,2.6642056193343753
DB2_DMS_33EV,155,2671,0.0017843049788971623,0.004750416461473091,1.4126917715629148,2.6623343641675055
DB2_DMS_33EA,138,2351,0.0015898614876070868,0.00418150431039847,1.3951209700639684,2.630106045710992
DB2_DMS_34AV,138,2287,0.0015898614876070868,0.004067721880183546,1.3553199620059935,2.5585385342630738
DB2_DMS_52DS,235,3843,0.0026993331732033995,0.006834057214783893,1.3401392693630203,2.5317575772514447
DB2_DMS_40EV,149,2437,0.0017156778643241946,0.004334399450999774,1.3370534180754423,2.5263480640097282
DB2_DMS_54EL,111,1808,0.001281039472028732,0.003216131504043721,1.3280114685147482,2.510563939884272
DB2_DMS_17YF,259,4159,0.0029738416314952706,0.007395857963970082,1.314389697951111,2.4869710228151547
DB2_DMS_26QS,154,2343,0.0017728671264683343,0.004167281506621604,1.2330221470991216,2.35058874091884
DB2_DMS_26QK,144,2113,0.0016584886021800546,0.0037583758980367196,1.1802402693188598,2.266145147513465
DB2_DMS_30EF,143,2085,0.0016470507497512268,0.0037085960848176904,1.1709881390285644,2.2516586604133737
DB2_DMS_1SF,238,3395,0.002733646730489883,0.006037580203279423,1.143143633523401,2.208617571516806
DB2_DMS_65ED,59,838,0.0006862711457296778,0.001491616546098774,1.1200261027824159,2.1735090501478282
DB2_DMS_65EL,58,805,0.0006748332933008499,0.0014329474805192034,1.0863826771172371,2.1234095809205664
DB2_DMS_29PD,123,1689,0.0014182937011746675,0.003004567297862846,1.0830009187337828,2.118438018426216
DB2_DMS_46AF,233,3188,0.0026764574683457434,0.005669565155553027,1.0829133606199675,2.1183094529266904
DB2_DMS_7LK,204,2782,0.0023447597479097325,0.004947757863877101,1.0773347917772726,2.1101342550288344
DB2_DMS_51VA,217,2899,0.002493451829484496,0.0051557663691137595,1.0480425580764816,2.0677224673635175
DB2_DMS_5KD,197,2609,0.0022646947809079367,0.004640189732202383,1.0348671693287483,2.0489249903874858
DB2_DMS_3LK,150,1966,0.0017271157167530224,0.0034970318786368155,1.0177662009045627,2.0247814577307164
DB2_DMS_62RF,68,888,0.0007892118175891295,0.0015805090697041835,1.0019048500027123,2.0026424268864793
DB2_DMS_55EK,99,1286,0.0011437852428827964,0.002288093557603244,1.000329846397088,2.00045731647694
DB2_DMS_18DF,267,3396,0.003065344450925894,0.006039358053751531,0.9783460103725397,1.970205355527771
DB2_DMS_7LD,165,2076,0.0018986835031854418,0.0036925954305687164,0.9596357674488342,1.944818830718026
DB2_DMS_52DL,267,3274,0.003065344450925894,0.005822460296154332,0.9255796988055138,1.899447318031631
DB2_DMS_60VA,226,2693,0.0025963925013439476,0.004789529171859472,0.8833753461224993,1.844686105579303
DB2_DMS_50ES,161,1915,0.0018529320934701301,0.0034063615045592977,0.8784215408026667,1.8383628393957705
DB2_DMS_9EA,166,1945,0.0019101213556142699,0.0034596970187225433,0.8569814002581705,1.8112446146700194
DB2_DMS_18DK,174,2023,0.0020016241750448935,0.003598369355546982,0.8461721608130924,1.7977247679206692
DB2_DMS_43WK,124,1426,0.0014297315536034954,0.002536992623698391,0.8273750327647876,1.7744538247786132
DB2_DMS_30EK,120,1378,0.0013839801438881836,0.002451655801037198,0.824933202190497,1.771453016767613
DB2_DMS_44KV,164,1820,0.001887245650756614,0.003237465709709019,0.7785826906821336,1.7154447850554535
DB2_DMS_64KS,111,1235,0.001281039472028732,0.0021974231835257263,0.7784978037978816,1.7153438527899172
DB2_DMS_33EF,141,1560,0.0016241750448935707,0.002775224586960889,0.7728974004243381,1.7086979606577717
DB2_DMS_40ES,258,2822,0.0029624037790664426,0.0050188718827614285,0.7605948237142501,1.6941889955133163
DB2_DMS_3LS,108,1170,0.001246725914742248,0.002081862902838694,0.7397307336753999,1.669864144332882
DB2_DMS_40EF,265,2848,0.0030424687460682384,0.005065095995036241,0.7353471687737725,1.6647980366542237
DB2_DMS_33ED,154,1658,0.0017728671264683343,0.002949453933227492,0.734363463632737,1.6636632769557833
DB2_DMS_54ED,76,817,0.0008807146370197531,0.0014542816861845018,0.7235601901979587,1.651251864174348
DB2_DMS_67LA,175,1836,0.0020130620274737216,0.00326591131726275,0.6980939904251633,1.6223600031645737
DB2_DMS_8EL,296,3087,0.003397042171361905,0.005490002257870099,0.6925276144184259,1.616112482839478
DB2_DMS_22IF,127,1308,0.0014640451108899792,0.0023272062679896245,0.6686390798963521,1.589572787531757
DB2_DMS_51VD,124,1240,0.0014297315536034954,0.0022063124358862674,0.625892813419381,1.543165519656804
DB2_DMS_21VL,332,3270,0.0038088048587997117,0.005815348894265899,0.6105273749626273,1.5268172326629827
DB2_DMS_9ED,275,2694,0.003156847270356518,0.00479130702233158,0.60193479881281,1.5177506581718394
DB2_DMS_61EK,120,1176,0.0013839801438881836,0.002092530005671343,0.596425065714961,1.5119653377342137
DB2_DMS_12KF,344,3254,0.003946059087945647,0.005786903286712167,0.5523789743385776,1.466501934649154
DB2_DMS_12KV,369,3323,0.004232005398666346,0.005909574969287633,0.4817129042051436,1.396400621594185
DB2_DMS_10LA,217,1944,0.002493451829484496,0.003457919168250435,0.471759813047739,1.3868000686282902
DB2_DMS_34AD,119,1065,0.0013725422914593556,0.0018951886032673336,0.4654908251017685,1.3807870366254975
DB2_DMS_2AF,195,1739,0.0022418190760502806,0.0030934598214682556,0.4645514445719937,1.3798882588323884
DB2_DMS_36ED,113,1008,0.0013039151768863878,0.0017938511263571667,0.46021014289272677,1.3757421940901817
DB2_DMS_71YL,67,594,0.0007777739651603014,0.0010578210309043748,0.4436727148960779,1.3600622781020382
DB2_DMS_32IL,138,1204,0.0015898614876070868,0.0021423098188903724,0.43026605634492776,1.3474820514803336
DB2_DMS_18DL,187,1606,0.002150316256619657,0.002857005708677866,0.40995505994856757,1.3286444260850911
DB2_DMS_4ES,308,2616,0.0035342964005078406,0.004652634685507141,0.3966248790947715,1.3164245887352874
DB2_DMS_36EK,165,1371,0.0018986835031854418,0.0024392108477324405,0.36141503277699877,1.284685332568672
DB2_DMS_29PK,145,1162,0.0016699264546088826,0.002067640099061828,0.30820052054431224,1.238162371375867
DB2_DMS_4EA,249,1960,0.0028594631072069907,0.003486364775804166,0.28597923348117305,1.2192375439351297
DB2_DMS_26QF,193,1504,0.002218943371192625,0.0026756649605228305,0.2700246274110479,1.205828411513147
DB2_DMS_33ES,138,1077,0.0015898614876070868,0.001916522808932632,0.2695900879801093,1.205465270950871
DB2_DMS_8EK,273,2112,0.003133971565498862,0.0037565980475646114,0.261434666925525,1.1986701120457168
DB2_DMS_73KL,34,268,0.0004003248350089787,0.0004782417769971039,0.256569043562769,1.1946342948879942
DB2_DMS_37RV,123,945,0.0014182937011746675,0.0016818465466143504,0.24588976090363102,1.1858238848705325
DB2_DMS_59LV,122,936,0.0014068558487458395,0.0016658458923653767,0.24378043027105822,1.1840913863708336
DB2_DMS_31EK,132,1010,0.0015212343730341192,0.001797406827301383,0.2406745443529362,1.1815449737152828
DB2_DMS_3LA,341,2519,0.003911745530659164,0.004480183189712646,0.19574520145249208,1.1453156026122424
DB2_DMS_54EF,127,935,0.0014640451108899792,0.0016640680418932685,0.18475441753451585,1.136623475270989
DB2_DMS_57RF,176,1292,0.0020244998799025496,0.0022987606604358934,0.18329070767836794,1.1354708801200548
DB2_DMS_49EV,119,865,0.0013725422914593556,0.001539618508845695,0.16572231706931737,1.121727555082252
DB2_DMS_22IL,161,1145,0.0018529320934701301,0.002037416641035989,0.13693102382339103,1.0995635772168855
DB2_DMS_69RV,185,1286,0.002127440551762001,0.002288093557603244,0.10502722506378169,1.075514686277925
DB2_DMS_70IK,91,618,0.0010522824234521727,0.0011004894422349714,0.06462334110836293,1.045811863534362
DB2_DMS_55EF,103,698,0.001189536652598108,0.0012427174800036269,0.06309862518545549,1.0447071784542028
DB2_DMS_23TK,131,864,0.0015097965206052912,0.001537840658373587,0.026551901116744946,1.0185747797041238
DB2_DMS_69RL,179,1165,0.0020588134371890333,0.0020729736504781528,0.00988867482193281,1.00687785159808
DB2_DMS_40EK,230,1484,0.0026421439110592597,0.0026401079510806665,-0.0011121277768182715,0.9992294288096605
DB2_DMS_65EK,91,588,0.0010522824234521727,0.0010471539280717257,-0.007048434275440967,0.9951263127976402
DB2_DMS_58RK,156,1000,0.0017957428313259902,0.0017796283225803011,-0.013004792104522236,0.991026271432313
DB2_DMS_37RS,130,834,0.0014983586681764631,0.001484505144210341,-0.01340091622492452,0.9907542004058466
DB2_DMS_41LV,255,1621,0.0029280902217799585,0.002883673465759489,-0.022052197831615758,0.9848308103042436
DB2_DMS_67LV,178,1131,0.0020473755847602053,0.0020125267344264742,-0.024767836481262878,0.9829787701909063
DB2_DMS_25EK,154,959,0.0017728671264683343,0.001706736453223865,-0.054844111714607964,0.9626984604445761
DB2_DMS_37RL,287,1742,0.0032941014995024535,0.0030987933728845803,-0.08817844936551611,0.9407097423539096
DB2_DMS_42AS,258,1559,0.0029624037790664426,0.0027734467364887807,-0.09508827598583211,0.9362149603261684
DB2_DMS_47DK,134,806,0.001544110077891775,0.0014347253309913116,-0.10600103582193947,0.9291600071351065
DB2_DMS_15EF,154,843,0.0017728671264683343,0.0015005057984593148,-0.24063551861594112,0.8463723964741899
DB2_DMS_39RK,239,1260,0.002745084582918711,0.0022418694453284313,-0.2921483373291875,0.8166850155650809
DB2_DMS_54ES,186,974,0.002138878404190829,0.001733404210305488,-0.30324635329955235,0.810426720335821
DB2_DMS_16GA,334,1686,0.003831680563657368,0.0029992337464465214,-0.3533833291064578,0.7827462902032027
DB2_DMS_5KV,140,668,0.0016127371924647429,0.001189381965840381,-0.43929925380622165,0.7374927368188557
DB2_DMS_30ES,156,739,0.0017957428313259902,0.0013156093493600627,-0.4488495904242035,0.7326268140458658
DB2_DMS_4ED,276,1262,0.003168285122785346,0.0022454251462726478,-0.49671354431052495,0.7087194047417736
DB2_DMS_49EL,262,1174,0.0030081551887817543,0.0020889743047271267,-0.526084249888829,0.6944370132623117
DB2_DMS_WT,6239,27677,0.0713721991558865,0.04920734536701056,-0.5364885380116877,0.6894469548224945
DB2_DMS_72AS,98,436,0.0011323473904539683,0.0007769206563112802,-0.5434774526279,0.6861151117236255
DB2_DMS_59LK,70,307,0.0008120875224467853,0.0005475779454093234,-0.5685708808586695,0.6742843970308695
DB2_DMS_6AK,138,579,0.0015898614876070868,0.001031153273822752,-0.6246422847574615,0.6485805724967582
DB2_DMS_29PV,130,542,0.0014983586681764631,0.0009653728063547487,-0.6342249157819775,0.6442868632579338
DB2_DMS_41LA,139,579,0.0016012993400359148,0.001031153273822752,-0.6349842289789205,0.6439478541217813
DB2_DMS_40ED,262,1074,0.0030081551887817543,0.0019111892575163073,-0.6544083468643684,0.6353359908570085
DB2_DMS_19VL,193,790,0.002218943371192625,0.0014062797234375805,-0.6579892597632246,0.6337609790743517
DB2_DMS_24RA,147,598,0.0016928021594665385,0.0010649324327928074,-0.668651474889053,0.6290944436935295
DB2_DMS_52DF,263,1059,0.0030195930412105824,0.0018845215004346845,-0.6801558719567807,0.6240978418996365
DB2_DMS_31EV,139,559,0.0016012993400359148,0.000995596264380588,-0.6856103020488887,0.6217427557037888
DB2_DMS_44KS,146,586,0.0016813643070377107,0.0010435982271275093,-0.6880659537752011,0.6206853700648367
DB2_DMS_24RL,168,660,0.0019329970604719257,0.0011751591620635154,-0.7179832768233814,0.6079466886393556
DB2_DMS_20RS,285,1109,0.0032712257946447974,0.0019734140240400943,-0.7291376775898097,0.6032643870902147
DB2_DMS_7LA,153,589,0.0017614292740395063,0.0010489317785438337,-0.7478256984945866,0.5955003666643431
DB2_DMS_51VF,263,1006,0.0030195930412105824,0.0017902954254129502,-0.7541564534005575,0.5928929498046547
DB2_DMS_73KV,20,79,0.00024019490100538724,0.00014222803776865544,-0.7559996299402866,0.5921359578131322
DB2_DMS_9EF,255,956,0.0029280902217799585,0.0017014029018075406,-0.7832351875628631,0.5810623214927011
DB2_DMS_53ED,125,470,0.0014411694060323234,0.0008373675723629589,-0.7833069759360219,0.581033408604136
DB2_DMS_21VF,296,1089,0.003397042171361905,0.0019378570145979301,-0.8098170031853659,0.5704542118831059
DB2_DMS_61EL,138,500,0.0015898614876070868,0.0008907030865262047,-0.8358845815771875,0.5602394255532342
DB2_DMS_36EL,147,530,0.0016928021594665385,0.0009440386006894505,-0.8424956168736849,0.5576780460789051
DB2_DMS_16GD,173,584,0.0019901863226160655,0.0010400425261832928,-0.9362609834268502,0.522585505871719
DB2_DMS_56AS,234,778,0.0026878953207745714,0.0013849455177722821,-0.9566477305522194,0.515252773077927
DB2_DMS_34AK,231,752,0.0026535817634880873,0.0013387214054974693,-0.9870852425045324,0.5044960075915442
DB2_DMS_26QD,160,519,0.001841494241041302,0.0009244822454962603,-0.9941593671350515,0.5020283120589598
DB2_DMS_18DS,167,535,0.001921559208043098,0.0009529278530499913,-1.0118385343698768,0.4959138646684981
DB2_DMS_52DV,107,333,0.00123528806231342,0.0005938020576841364,-1.0567935117383052,0.4806992601969107
DB2_DMS_37RD,162,502,0.001864369945898958,0.000894258787470421,-1.0599238664744393,0.4796573713481683
DB2_DMS_68AK,215,638,0.00247057612462684,0.0011360464516771353,-1.1208256832653627,0.4598305797392605
DB2_DMS_8ES,156,452,0.0017957428313259902,0.0008053662638650114,-1.1568638108942806,0.44848641454429355
DB2_DMS_48GD,113,327,0.0013039151768863878,0.0005831349548514873,-1.1609483115955468,0.4472184734009709
DB2_DMS_6AS,137,388,0.001578423635178259,0.0006915838336500871,-1.190508413840866,0.43814842747966276
DB2_DMS_59LS,111,309,0.001281039472028732,0.0005511336463535398,-1.2168408188322555,0.4302237818486038
DB2_DMS_32IV,197,547,0.0022646947809079367,0.0009742620587152897,-1.2169348391679717,0.4301957451081771
DB2_DMS_23TV,149,408,0.0017156778643241946,0.0007271408430922509,-1.238471959603021,0.42382131180474936
DB2_DMS_35LV,152,412,0.0017499914216106784,0.0007342522449806837,-1.2530001733220952,0.419574768146511
DB2_DMS_61ED,72,194,0.0008349632273044413,0.0003466808420610976,-1.2681045471792955,0.41520492247342056
DB2_DMS_45AL,123,325,0.0014182937011746675,0.0005795792539072708,-1.2910784582046866,0.40864544024079663
DB2_DMS_25ED,303,757,0.003477107138363701,0.0013476106578580102,-1.3674837773213826,0.3875666190982499
DB2_DMS_60VK,118,292,0.0013611044390305276,0.0005209101883277005,-1.3856712109345843,0.3827114021453994
DB2_DMS_50EL,112,276,0.0012924773244575598,0.0004924645807739695,-1.3920470984148878,0.38102376842909186
DB2_DMS_50EV,220,515,0.00252776538677098,0.0009173708436078275,-1.4622856060170661,0.3629177171302659
DB2_DMS_31ES,220,503,0.00252776538677098,0.0008960366379425292,-1.4962329379404038,0.35447777022025967
DB2_DMS_8ED,293,635,0.0033627286140754213,0.0011307129002608106,-1.5723996916008978,0.3362486331867429
DB2_DMS_12KL,357,750,0.0040947511695204105,0.001335165704553253,-1.6167569817988732,0.3260676044228669
DB2_DMS_33EK,118,245,0.0013611044390305276,0.00043735121613861546,-1.6379135600175925,0.3213208359309497
DB2_DMS_23TF,151,304,0.0017385535691818504,0.0005422443939929988,-1.6808723830422256,0.31189398106851246
DB2_DMS_62RK,67,134,0.0007777739651603014,0.00024000981373460605,-1.696257546248397,0.3085855588971011
DB2_DMS_35LA,243,474,0.002790835992634023,0.0008444789742513917,-1.7245639363934646,0.3025899681960038
DB2_DMS_25ES,206,372,0.0023676354527673886,0.0006631382260963559,-1.8360654392929765,0.2800845988858855
DB2_DMS_66AD,61,108,0.0007091468505873338,0.00019378570145979303,-1.8716222876588378,0.2732659692407781
DB2_DMS_31EA,166,290,0.0019101213556142699,0.0005173544873834841,-1.8844392516146573,0.2708490148350337
DB2_DMS_1SL,247,420,0.002836587402349335,0.0007484750487575492,-1.922130189369368,0.263864617087999
DB2_DMS_40EL,257,433,0.0029509659266376146,0.0007715871048949557,-1.9352863250276635,0.2614693371855081
DB2_DMS_8EF,155,257,0.0017843049788971623,0.00045868542180391375,-1.9597852654878831,0.25706671630060496
DB2_DMS_2AL,356,579,0.004083313317091583,0.001031153273822752,-1.985481476063054,0.2525285702438358
DB2_DMS_36ES,262,426,0.0030081551887817543,0.0007591421515901984,-1.9864370317207007,0.2523613656706443
DB2_DMS_60VF,159,258,0.001830056388612474,0.00046046327227602197,-1.9907301092496972,0.25161152144887705
DB2_DMS_29PF,244,356,0.002802273845062851,0.0006346926185426248,-2.14246797702236,0.22649200386352306
DB2_DMS_4EF,266,383,0.003053906598497066,0.0006826945812895461,-2.1613437330152863,0.22354795710698025
DB2_DMS_36EV,162,229,0.001864369945898958,0.00040890560858488435,-2.188848405335591,0.21932643222679665
DB2_DMS_4EL,271,382,0.003111095860641206,0.0006809167308174379,-2.191872561374271,0.21886716492146244
DB2_DMS_56AD,167,231,0.001921559208043098,0.00041246130952910074,-2.219946729700077,0.21464928470726038
DB2_DMS_5KS,351,478,0.004026124054947443,0.0008515903761398244,-2.2411600749500056,0.2115161789645702
DB2_DMS_44KD,158,214,0.0018186185361836462,0.00038223785150326146,-2.2503004077437843,0.21018033408225562
DB2_DMS_10LF,147,199,0.0016928021594665385,0.00035557009442163857,-2.251207477903114,0.21004822827830702
DB2_DMS_18DA,134,180,0.001544110077891775,0.0003217909354515829,-2.2625800120165143,0.2083989607081218
DB2_DMS_64KA,106,141,0.001223850209884592,0.0002524547670393634,-2.277330168945354,0.20627913857462152
DB2_DMS_68AV,162,210,0.001864369945898958,0.0003751264496148287,-2.313239267572781,0.20120816173849607
DB2_DMS_73KS,23,29,0.0002745084582918711,5.333551416324578e-05,-2.3636822071615264,0.194294611157434
DB2_DMS_10LK,285,356,0.0032712257946447974,0.0006346926185426248,-2.3657013747981783,0.1940228704425285
DB2_DMS_49EK,127,149,0.0014640451108899792,0.0002666775708162289,-2.456791611553008,0.18215119796009435
DB2_DMS_61EF,75,87,0.0008692767845909252,0.00015645084154552097,-2.474106196855177,0.17997816612478096
DB2_DMS_42AV,164,190,0.001887245650756614,0.0003395694401726648,-2.474503688258956,0.1799285853627631
DB2_DMS_7LS,193,210,0.002218943371192625,0.0003751264496148287,-2.5644239555288313,0.16905634207925185
DB2_DMS_35LD,259,281,0.0029738416314952706,0.0005013538331345103,-2.5684267626785497,0.16858793952737347
DB2_DMS_51VL,233,250,0.0026764574683457434,0.0004462404684991564,-2.5844314676815214,0.16672802530090916
DB2_DMS_17YL,280,299,0.0032140365325006577,0.0005333551416324578,-2.591217931773934,0.16594557536577992
DB2_DMS_24RK,150,159,0.0017271157167530224,0.0002844560755373109,-2.602086946486605,0.16470006773610302
DB2_DMS_9EV,256,256,0.0029395280742087865,0.0004569075713318056,-2.6856103020488886,0.1554356889259472
DB2_DMS_52DA,127,113,0.0014640451108899792,0.00020267495382033399,-2.8527202878841473,0.1384349104496717
DB2_DMS_15ES,163,143,0.001875807798327786,0.00025601046798357977,-2.8732373052246603,0.13648011710570973
DB2_DMS_4EK,131,107,0.0015097965206052912,0.00019200785098768484,-2.975116919243874,0.12717465457577498
DB2_DMS_38LD,153,124,0.0017614292740395063,0.0002222313090135241,-2.986612558081703,0.12616533192041168
DB2_DMS_58RD,141,112,0.0016241750448935707,0.0002008971033482258,-3.015178459138383,0.12369178062416926
DB2_DMS_51VK,139,109,0.0016012993400359148,0.00019556355193190122,-3.0335336054691955,0.12212804129895852
DB2_DMS_34AS,137,106,0.001578423635178259,0.00019023000051557665,-3.052667772425911,0.12051897619620544
DB2_DMS_69RA,129,99,0.0014869208157476353,0.00017778504721081929,-3.0641219253026186,0.11956591455842092
DB2_DMS_12KA,346,261,0.003968934792803303,0.0004657968236923465,-3.0909791530896995,0.1173606642610898
DB2_DMS_53EV,117,82,0.0013496665866016997,0.00014756158918498,-3.1932139200638052,0.10933188288858997
DB2_DMS_39RD,281,195,0.0032254743849294857,0.0003484586925332058,-3.210451810332474,0.10803331570739592
DB2_DMS_58RF,130,82,0.0014983586681764631,0.00014756158918498,-3.3439938722394142,0.0984821540523177
DB2_DMS_58RA,139,83,0.0016012993400359148,0.0001493394396570882,-3.4225758962150947,0.09326141335556833
DB2_DMS_6AV,150,89,0.0017271157167530224,0.00016000654248973735,-3.432161945044293,0.09264378810155793
DB2_DMS_42AF,153,88,0.0017614292740395063,0.00015822869201762916,-3.4766634117773925,0.08982971632733312
DB2_DMS_33EL,119,67,0.0013725422914593556,0.00012089383210335712,-3.505038056407068,0.08808022372470341
DB2_DMS_68AL,171,96,0.00196731061775841,0.0001724514957944947,-3.511962214563859,0.08765849898730742
DB2_DMS_17YS,301,168,0.0034542314335060447,0.00030045672978628457,-3.5231356050917833,0.08698222327312939
DB2_DMS_63LD,146,81,0.0016813643070377107,0.00014578373871287182,-3.5277306422671697,0.08670562239406578
DB2_DMS_58RV,127,70,0.0014640451108899792,0.0001262273835196817,-3.535863182544207,0.08621823370111134
DB2_DMS_31ED,113,59,0.0013039151768863878,0.00010667102832649157,-3.611609720605112,0.08180825732944588
DB2_DMS_71YD,38,19,0.0004460762447242906,3.555700944216386e-05,-3.6490844260237747,0.07971060970561394
DB2_DMS_68AS,68,34,0.0007892118175891295,6.222476652378675e-05,-3.6648517418820914,0.07884419003490074
DB2_DMS_15EV,221,111,0.002539203239199808,0.0001991192528761176,-3.6726712463413906,0.07841800522390129
DB2_DMS_62RD,89,42,0.0010294067185945166,7.644757030065229e-05,-3.7511986436764655,0.074263718042397
DB2_DMS_1SV,285,134,0.0032712257946447974,0.00024000981373460605,-3.7686660417764473,0.07336999302448557
DB2_DMS_46AV,172,80,0.0019787484701872375,0.00014400588824076363,-3.7803885268009885,0.07277624741619494
DB2_DMS_35LS,217,92,0.002493451829484496,0.00016534009390606195,-3.9146358157177836,0.06630972050510592
DB2_DMS_51VS,247,101,0.002836587402349335,0.00018134074815503567,-3.967381270464269,0.06392919463889762
DB2_DMS_46AD,124,49,0.0014297315536034954,8.889252360540964e-05,-4.007538396936251,0.06217427557037888
DB2_DMS_71YA,40,15,0.0004689519495819465,2.8445607553731086e-05,-4.043162306666972,0.06065782982475988
DB2_DMS_7LV,154,59,0.0017728671264683343,0.00010667102832649157,-4.054844111714608,0.060168653777786005
DB2_DMS_2AV,221,83,0.002539203239199808,0.0001493394396570882,-4.087708745620234,0.05881350391792597
DB2_DMS_63LF,117,41,0.0013496665866016997,7.46697198285441e-05,-4.1759359286319695,0.05532456724482866
DB2_DMS_41LD,152,53,0.0017499914216106784,9.600392549384242e-05,-4.188110642578072,0.05485965491504019
DB2_DMS_66AV,46,14,0.0005375790641549143,2.666775708162289e-05,-4.3333085581180075,0.049607134763600166
DB2_DMS_61EV,87,26,0.0010065310137368608,4.800196274692121e-05,-4.390154418522718,0.04769049546591562
DB2_DMS_53EK,118,35,0.0013611044390305276,6.400261699589494e-05,-4.41050306391452,0.04702256135574873
DB2_DMS_43WS,132,38,0.0015212343730341192,6.933616841221953e-05,-4.45549051868783,0.04557888622640557
DB2_DMS_47DA,213,59,0.002447700419769184,0.00010667102832649157,-4.520186692841517,0.0435800996988637
DB2_DMS_6AD,162,43,0.001864369945898958,7.822542077276048e-05,-4.574906837642669,0.041958100078169795
DB2_DMS_70IL,97,25,0.0011209095380251403,4.622411227481301e-05,-4.599880428023005,0.04123803991912885
DB2_DMS_38LF,128,33,0.0014754829633188073,6.044691605167856e-05,-4.6093747162218035,0.040967545918466707
DB2_DMS_39RV,292,71,0.0033512907616465933,0.00012800523399178988,-4.710442155028824,0.03819580069170033
DB2_DMS_36EF,174,40,0.0020016241750448935,7.289186935643591e-05,-4.779269409263134,0.03641636140550763
DB2_DMS_8EV,294,66,0.0033741664665042494,0.00011911598163124892,-4.82409225584032,0.035302342908604956
DB2_DMS_62RV,80,17,0.0009264660467350651,3.200130849794747e-05,-4.855535303491202,0.03454126420576604
DB2_DMS_53EL,218,42,0.002504889681913324,7.644757030065229e-05,-5.034132606947964,0.03051933618180698
DB2_DMS_72AD,35,6,0.0004117626874378067,1.244495330475735e-05,-5.048180381433597,0.030223606180045288
DB2_DMS_69RF,141,24,0.0016241750448935707,4.444626180270482e-05,-5.1915012317788465,0.027365438191187887
DB2_DMS_57RK,125,20,0.0014411694060323234,3.733485991427205e-05,-5.270572802770045,0.025905948154324534
DB2_DMS_59LF,121,18,0.0013954179963170115,3.377915897005566e-05,-5.36842012616819,0.0242071974556803
DB2_DMS_16GL,309,46,0.0035457342529366686,8.355897218908507e-05,-5.4071458556454886,0.02356605606296619
DB2_DMS_63LV,127,18,0.0014640451108899792,3.377915897005566e-05,-5.437682788605303,0.023072485074945286
DB2_DMS_24RD,146,19,0.0016813643070377107,3.555700944216386e-05,-5.56335455199789,0.021147712779040435
DB2_DMS_10LV,282,35,0.0032369122373583138,6.400261699589494e-05,-5.660343543438459,0.01977273781390141
DB2_DMS_32ID,117,14,0.0013496665866016997,2.666775708162289e-05,-5.6613627558022115,0.019758774016010235
DB2_DMS_41LS,159,19,0.001830056388612474,3.555700944216386e-05,-5.685610302048889,0.0194294611157434
DB2_DMS_59LD,202,24,0.0023218840430520764,4.444626180270482e-05,-5.70709002945934,0.01914232622240729
DB2_DMS_67LF,146,16,0.0016813643070377107,3.022345802583928e-05,-5.797819805634914,0.01797555586218437
DB2_DMS_57RD,82,7,0.0009493417515927209,1.4222803776865543e-05,-6.060649733395813,0.014981753149488887
DB2_DMS_68AD,134,12,0.001544110077891775,2.3112056137406506e-05,-6.061986180958628,0.01496788115583195
DB2_DMS_1SK,239,20,0.002745084582918711,3.733485991427205e-05,-6.200183474878647,0.01360062278102038
DB2_DMS_15EK,342,29,0.003923183383087991,5.333551416324578e-05,-6.200784472613183,0.013594958215097422
DB2_DMS_70IA,128,10,0.0014754829633188073,1.955635519319012e-05,-6.237405938834846,0.013254206032445108
DB2_DMS_14FS,168,13,0.0019329970604719257,2.48899066095147e-05,-6.279134816273469,0.012876329260137638
DB2_DMS_37RF,149,11,0.0017156778643241946,2.1334205665298315e-05,-6.329466491823614,0.012434855114075775
DB2_DMS_20RF,290,22,0.003328415056788937,4.089056085848843e-05,-6.34692368890016,0.01228529500101988
DB2_DMS_73KD,14,0,0.00017156778643241945,1.7778504721081929e-06,-6.592500897657407,0.010362379261729813
DB2_DMS_55EV,75,4,0.0008692767845909252,8.889252360540965e-06,-6.611609720605112,0.010226032166180737
DB2_DMS_38LA,126,7,0.0014526072584611514,1.4222803776865543e-05,-6.674294988821055,0.009791224499272264
DB2_DMS_59LA,186,10,0.002138878404190829,1.955635519319012e-05,-6.773073143299229,0.009143275819173364
DB2_DMS_66AS,102,5,0.0011780988001692803,1.0667102832649158e-05,-6.787148328510951,0.00905450615102605
DB2_DMS_60VS,137,7,0.001578423635178259,1.4222803776865543e-05,-6.794134758827058,0.009010764575417229
DB2_DMS_56AV,224,12,0.002573516796486292,2.3112056137406506e-05,-6.798951775124834,0.00898072869349917
DB2_DMS_54EV,86,4,0.0009950931613080327,8.889252360540965e-06,-6.806625703010255,0.008933085570456736
DB2_DMS_49ED,145,7,0.0016699264546088826,1.4222803776865543e-05,-6.875434860928906,0.008517024050736833
DB2_DMS_19VA,226,11,0.0025963925013439476,2.1334205665298315e-05,-6.927196288618648,0.008216864612825402
DB2_DMS_72AL,18,0,0.0002173191961477313,1.7778504721081929e-06,-6.933537815492474,0.00818082573294459
DB2_DMS_48GS,211,10,0.0024248247149115283,1.955635519319012e-05,-6.954099137974791,0.008065059331063298
DB2_DMS_65EF,38,1,0.0004460762447242906,3.5557009442163857e-06,-6.971012520911137,0.007971060970561394
DB2_DMS_29PS,142,6,0.0016356128973223987,1.244495330475735e-05,-7.038126716769674,0.007608740017354058
DB2_DMS_25EA,145,6,0.0016699264546088826,1.244495330475735e-05,-7.068079938871302,0.007452396044394728
DB2_DMS_17YK,132,5,0.0015212343730341192,1.0667102832649158e-05,-7.155930236828922,0.007012136342523933
DB2_DMS_71YF,66,2,0.0007663361127314735,5.333551416324579e-06,-7.166736991785505,0.006959806966833457
DB2_DMS_13EK,134,5,0.001544110077891775,1.0667102832649158e-05,-7.177463398378563,0.006908252841153209
DB2_DMS_20RA,158,6,0.0018186185361836462,1.244495330475735e-05,-7.19113833527564,0.006843080644538556
DB2_DMS_73KA,25,0,0.000297384163149527,1.7778504721081929e-06,-7.386050020189981,0.005978295727921046
DB2_DMS_40EA,130,4,0.0014983586681764631,8.889252360540965e-06,-7.397105208698976,0.005932659882669741
DB2_DMS_11KV,294,10,0.0033741664665042494,1.955635519319012e-05,-7.4307498276607955,0.0057959070446963355
DB2_DMS_16GK,162,5,0.001864369945898958,1.0667102832649158e-05,-7.44937595555881,0.005721559101568609
DB2_DMS_69RS,141,4,0.0016241750448935707,8.889252360540965e-06,-7.513429326666208,0.005473087638237578
DB2_DMS_62RL,62,1,0.0007205847030161617,3.5557009442163857e-06,-7.662890225548805,0.004934466315109434
DB2_DMS_6AL,158,4,0.0018186185361836462,8.889252360540965e-06,-7.676565162445882,0.004887914746098968
DB2_DMS_46AL,252,6,0.002893776664493475,1.244495330475735e-05,-7.861248954685595,0.004300592183721859
DB2_DMS_30ED,144,3,0.0016584886021800546,7.1114018884327714e-06,-7.865519392063823,0.004287881073819233
DB2_DMS_27LA,278,6,0.0031911608276430016,1.244495330475735e-05,-8.002376691820473,0.003899820152263908
DB2_DMS_54EK,83,1,0.000960779604021549,3.5557009442163857e-06,-8.07792772482765,0.003700849736332076
DB2_DMS_35LF,168,3,0.0019329970604719257,7.1114018884327714e-06,-8.086489738331073,0.003678951217182182
DB2_DMS_47DL,223,4,0.002562078944057464,8.889252360540965e-06,-8.171037129219132,0.003469546627811321
DB2_DMS_63LA,138,2,0.0015898614876070868,5.333551416324579e-06,-8.21958887405124,0.0033547270991211627
DB2_DMS_9EL,308,5,0.0035342964005078406,1.0667102832649158e-05,-8.372110829232106,0.0030181687170086837
DB2_DMS_72AF,51,0,0.000594768326299054,1.7778504721081929e-06,-8.38605002018998,0.002989147863960523
DB2_DMS_71YS,51,0,0.000594768326299054,1.7778504721081929e-06,-8.38605002018998,0.002989147863960523
DB2_DMS_72AK,51,0,0.000594768326299054,1.7778504721081929e-06,-8.38605002018998,0.002989147863960523
DB2_DMS_67LK,104,1,0.0012009745050269361,3.5557009442163857e-06,-8.399855819715011,0.002960679789065661
DB2_DMS_66AF,53,0,0.00061764403115671,1.7778504721081929e-06,-8.440497804212358,0.002878438683813837
DB2_DMS_64KF,109,1,0.0012581637671710759,3.5557009442163857e-06,-8.466970015573548,0.002826103435017222
DB2_DMS_65ES,55,0,0.000640519736014366,1.7778504721081929e-06,-8.492965224106493,0.002775637302249057
DB2_DMS_65EA,57,0,0.0006633954408720218,1.7778504721081929e-06,-8.54359129717646,0.0026799256711370206
DB2_DMS_43WD,116,1,0.0013382287341728717,3.5557009442163857e-06,-8.555975021632294,0.0026570203235204647
DB2_DMS_21VD,294,4,0.0033741664665042494,8.889252360540965e-06,-8.56825335141073,0.002634503202134698
DB2_DMS_23TS,119,1,0.0013725422914593556,3.5557009442163857e-06,-8.592500897657407,0.002590594815432453
DB2_DMS_71YV,60,0,0.0006977089981585057,1.7778504721081929e-06,-8.616347639611774,0.0025481260479663474
DB2_DMS_71YK,61,0,0.0007091468505873338,1.7778504721081929e-06,-8.639806612435764,0.0025070272407410835
DB2_DMS_57RA,66,0,0.0007663361127314735,1.7778504721081929e-06,-8.751699492506662,0.002319935655611152
DB2_DMS_14FV,347,4,0.003980372645232131,8.889252360540965e-06,-8.806625703010255,0.002233271392614184
DB2_DMS_2AK,144,1,0.0016584886021800546,3.5557009442163857e-06,-8.865519392063824,0.0021439405369096166
DB2_DMS_57RV,72,0,0.0008349632273044413,1.7778504721081929e-06,-8.875434860928905,0.0021292560126842082
DB2_DMS_22IS,145,1,0.0016699264546088826,3.5557009442163857e-06,-8.875434860928905,0.0021292560126842082
DB2_DMS_43WA,147,1,0.0016928021594665385,3.5557009442163857e-06,-8.895063667677839,0.0021004822827830703
DB2_DMS_25EL,149,1,0.0017156778643241946,3.5557009442163857e-06,-8.914428992544769,0.0020724758523459623
DB2_DMS_27LF,163,1,0.001875807798327786,3.5557009442163857e-06,-9.043162306666973,0.0018955571820237463
DB2_DMS_57RL,84,0,0.0009722174564503769,1.7778504721081929e-06,-9.09500123818659,0.0018286551638346728
DB2_DMS_53EF,87,0,0.0010065310137368608,1.7778504721081929e-06,-9.145041920686186,0.0017663146468857634
DB2_DMS_19VF,179,1,0.0020588134371890333,3.5557009442163857e-06,-9.177463398378563,0.0017270632102883022
DB2_DMS_62RA,92,0,0.0010637202758810005,1.7778504721081929e-06,-9.22476911315692,0.0016713514938273893
DB2_DMS_64KL,95,0,0.0010980338331674844,1.7778504721081929e-06,-9.270572802770046,0.0016191217596452834
DB2_DMS_47DF,95,0,0.0010980338331674844,1.7778504721081929e-06,-9.270572802770046,0.0016191217596452834
DB2_DMS_48GV,98,0,0.0011323473904539683,1.7778504721081929e-06,-9.314966922128498,0.0015700574638984565
DB2_DMS_43WF,102,0,0.0011780988001692803,1.7778504721081929e-06,-9.372110829232108,0.0015090843585043416
DB2_DMS_53ES,108,0,0.001246725914742248,1.7778504721081929e-06,-9.453794626825815,0.0014260154947334605
DB2_DMS_64KV,108,0,0.001246725914742248,1.7778504721081929e-06,-9.453794626825815,0.0014260154947334605
DB2_DMS_49EA,112,0,0.0012924773244575598,1.7778504721081929e-06,-9.505789264464076,0.0013755370701411258
DB2_DMS_50ED,116,0,0.0013382287341728717,1.7778504721081929e-06,-9.555975021632294,0.0013285101617602324
DB2_DMS_34AF,119,0,0.0013725422914593556,1.7778504721081929e-06,-9.592500897657407,0.0012952974077162266
DB2_DMS_56AL,123,0,0.0014182937011746675,1.7778504721081929e-06,-9.639806612435764,0.0012535136203705418
DB2_DMS_50EF,123,0,0.0014182937011746675,1.7778504721081929e-06,-9.639806612435764,0.0012535136203705418
DB2_DMS_21VA,123,0,0.0014182937011746675,1.7778504721081929e-06,-9.639806612435764,0.0012535136203705418
DB2_DMS_49ES,123,0,0.0014182937011746675,1.7778504721081929e-06,-9.639806612435764,0.0012535136203705418
DB2_DMS_45AD,123,0,0.0014182937011746675,1.7778504721081929e-06,-9.639806612435764,0.0012535136203705418
DB2_DMS_48GA,123,0,0.0014182937011746675,1.7778504721081929e-06,-9.639806612435764,0.0012535136203705418
DB2_DMS_42AD,123,0,0.0014182937011746675,1.7778504721081929e-06,-9.639806612435764,0.0012535136203705418
DB2_DMS_20RL,124,0,0.0014297315536034954,1.7778504721081929e-06,-9.651394586710976,0.0012434855114075776
DB2_DMS_47DS,124,0,0.0014297315536034954,1.7778504721081929e-06,-9.651394586710976,0.0012434855114075776
DB2_DMS_31EF,124,0,0.0014297315536034954,1.7778504721081929e-06,-9.651394586710976,0.0012434855114075776
DB2_DMS_61ES,124,0,0.0014297315536034954,1.7778504721081929e-06,-9.651394586710976,0.0012434855114075776
DB2_DMS_42AL,125,0,0.0014411694060323234,1.7778504721081929e-06,-9.662890225548805,0.0012336165787773586
DB2_DMS_24RF,126,0,0.0014526072584611514,1.7778504721081929e-06,-9.674294988821055,0.001223903062409033
DB2_DMS_52DK,126,0,0.0014526072584611514,1.7778504721081929e-06,-9.674294988821055,0.001223903062409033
DB2_DMS_22IK,127,0,0.0014640451108899792,1.7778504721081929e-06,-9.68561030204889,0.0012143413197339625
DB2_DMS_55EL,128,0,0.0014754829633188073,1.7778504721081929e-06,-9.696837557472143,0.0012049278211313736
DB2_DMS_44KL,128,0,0.0014754829633188073,1.7778504721081929e-06,-9.696837557472143,0.0012049278211313736
DB2_DMS_18DV,258,1,0.0029624037790664426,3.5557009442163857e-06,-9.702418589735442,0.0012002755901617543
DB2_DMS_45AV,130,0,0.0014983586681764631,1.7778504721081929e-06,-9.71903330358634,0.001186531976533948
DB2_DMS_29PL,130,0,0.0014983586681764631,1.7778504721081929e-06,-9.71903330358634,0.001186531976533948
DB2_DMS_28TA,261,1,0.0029967173363529263,3.5557009442163857e-06,-9.71903330358634,0.001186531976533948
DB2_DMS_49EF,132,0,0.0015212343730341192,1.7778504721081929e-06,-9.740892737550078,0.0011686893904206555
DB2_DMS_60VL,133,0,0.001532672225462947,1.7778504721081929e-06,-9.751699492506662,0.001159967827805576
DB2_DMS_46AK,134,0,0.001544110077891775,1.7778504721081929e-06,-9.76242589909972,0.0011513754735255348
DB2_DMS_37RA,135,0,0.001555547930320603,1.7778504721081929e-06,-9.773073143299229,0.0011429094773966707
DB2_DMS_28TF,135,0,0.001555547930320603,1.7778504721081929e-06,-9.773073143299229,0.0011429094773966707
DB2_DMS_42AK,135,0,0.001555547930320603,1.7778504721081929e-06,-9.773073143299229,0.0011429094773966707
DB2_DMS_30EV,136,0,0.001566985782749431,1.7778504721081929e-06,-9.783642385009415,0.0011345670724521692
DB2_DMS_39RF,136,0,0.001566985782749431,1.7778504721081929e-06,-9.783642385009415,0.0011345670724521692
DB2_DMS_4EV,137,0,0.001578423635178259,1.7778504721081929e-06,-9.794134758827058,0.0011263455719271536
DB2_DMS_25EF,138,0,0.0015898614876070868,1.7778504721081929e-06,-9.804551374772396,0.0011182423663737208
DB2_DMS_24RV,139,0,0.0016012993400359148,1.7778504721081929e-06,-9.814893318993855,0.0011102549208996228
DB2_DMS_48GL,139,0,0.0016012993400359148,1.7778504721081929e-06,-9.814893318993855,0.0011102549208996228
DB2_DMS_43WV,139,0,0.0016012993400359148,1.7778504721081929e-06,-9.814893318993855,0.0011102549208996228
DB2_DMS_48GK,140,0,0.0016127371924647429,1.7778504721081929e-06,-9.825161654447683,0.001102380772524448
DB2_DMS_21VK,143,0,0.0016470507497512268,1.7778504721081929e-06,-9.855535303491202,0.001079414506430189
DB2_DMS_66AL,143,0,0.0016470507497512268,1.7778504721081929e-06,-9.855535303491202,0.001079414506430189
DB2_DMS_27LK,145,0,0.0016699264546088826,1.7778504721081929e-06,-9.875434860928905,0.0010646280063421041
DB2_DMS_20RV,145,0,0.0016699264546088826,1.7778504721081929e-06,-9.875434860928905,0.0010646280063421041
DB2_DMS_23TL,146,0,0.0016813643070377107,1.7778504721081929e-06,-9.885282646885253,0.0010573856389520216
DB2_DMS_58RL,148,0,0.0017042400118953665,1.7778504721081929e-06,-9.90477882251105,0.0010431925431271625
DB2_DMS_53EA,149,0,0.0017156778643241946,1.7778504721081929e-06,-9.914428992544769,0.0010362379261729812
DB2_DMS_3LV,152,0,0.0017499914216106784,1.7778504721081929e-06,-9.94299814474154,0.0010159195354637071
DB2_DMS_19VD,153,0,0.0017614292740395063,1.7778504721081929e-06,-9.95239684274379,0.0010093226553632936
DB2_DMS_22ID,156,0,0.0017957428313259902,1.7778504721081929e-06,-9.980231050940516,0.0009900362351971158
DB2_DMS_37RK,156,0,0.0017957428313259902,1.7778504721081929e-06,-9.980231050940516,0.0009900362351971158
DB2_DMS_28TV,158,0,0.0018186185361836462,1.7778504721081929e-06,-9.998493257333244,0.0009775829492197935
DB2_DMS_13EL,160,0,0.001841494241041302,1.7778504721081929e-06,-10.016527180163505,0.000965439061651846
DB2_DMS_15EA,160,0,0.001841494241041302,1.7778504721081929e-06,-10.016527180163505,0.000965439061651846
DB2_DMS_2AD,161,0,0.0018529320934701301,1.7778504721081929e-06,-10.025460304933514,0.000959479561271279
DB2_DMS_36EA,162,0,0.001864369945898958,1.7778504721081929e-06,-10.034338456279967,0.000953593183594768
DB2_DMS_26QA,165,0,0.0018986835031854418,1.7778504721081929e-06,-10.060649733395813,0.0009363595718430554
DB2_DMS_15EL,166,0,0.0019101213556142699,1.7778504721081929e-06,-10.069314594522941,0.0009307526282990849
DB2_DMS_6AF,166,0,0.0019101213556142699,1.7778504721081929e-06,-10.069314594522941,0.0009307526282990849
DB2_DMS_68AF,172,0,0.0019787484701872375,1.7778504721081929e-06,-10.120238529685613,0.0008984721903233943
DB2_DMS_19VK,173,0,0.0019901863226160655,1.7778504721081929e-06,-10.128553797897617,0.0008933085570456736
DB2_DMS_11KD,176,0,0.0020244998799025496,1.7778504721081929e-06,-10.153215852131886,0.0008781677340448993
DB2_DMS_25EV,177,0,0.0020359377323313776,1.7778504721081929e-06,-10.161343733015286,0.0008732342074491415
DB2_DMS_27LV,177,0,0.0020359377323313776,1.7778504721081929e-06,-10.161343733015286,0.0008732342074491415
DB2_DMS_26QV,179,0,0.0020588134371890333,1.7778504721081929e-06,-10.177463398378563,0.0008635316051441511
DB2_DMS_16GF,179,0,0.0020588134371890333,1.7778504721081929e-06,-10.177463398378563,0.0008635316051441511
DB2_DMS_28TL,188,0,0.002161754109048485,1.7778504721081929e-06,-10.247852726269961,0.0008224110525182391
DB2_DMS_12KS,189,0,0.0021731919614773132,1.7778504721081929e-06,-10.255465910379836,0.0008180825732944588
DB2_DMS_20RD,190,0,0.002184629813906141,1.7778504721081929e-06,-10.263039130084637,0.0008137994184604565
DB2_DMS_2AS,191,0,0.002196067666334969,1.7778504721081929e-06,-10.270572802770046,0.0008095608798226417
DB2_DMS_56AK,192,0,0.002207505518763797,1.7778504721081929e-06,-10.27806733931697,0.0008053662638650114
DB2_DMS_11KA,192,0,0.002207505518763797,1.7778504721081929e-06,-10.27806733931697,0.0008053662638650114
DB2_DMS_56AF,195,0,0.0022418190760502806,1.7778504721081929e-06,-10.300320146164097,0.0007930392292140164
DB2_DMS_32IF,204,0,0.0023447597479097325,1.7778504721081929e-06,-10.365090401554335,0.0007582228728094985
DB2_DMS_5KA,209,0,0.0024019490100538722,1.7778504721081929e-06,-10.399855819715011,0.0007401699472664152
DB2_DMS_28TS,225,0,0.0025849546489151195,1.7778504721081929e-06,-10.505789264464076,0.0006877685350705629
DB2_DMS_17YD,226,0,0.0025963925013439476,1.7778504721081929e-06,-10.512158789339804,0.0006847387177354502
DB2_DMS_28TD,227,0,0.0026078303537727756,1.7778504721081929e-06,-10.51850031621363,0.0006817354777453825
DB2_DMS_34AL,235,0,0.0026993331732033995,1.7778504721081929e-06,-10.56825335141073,0.0006586258005336745
DB2_DMS_50EA,238,0,0.002733646730489883,1.7778504721081929e-06,-10.586477110029637,0.0006503585310709088
DB2_DMS_16GS,238,0,0.002733646730489883,1.7778504721081929e-06,-10.586477110029637,0.0006503585310709088
DB2_DMS_9EK,241,0,0.0027679602877763673,1.7778504721081929e-06,-10.604473539323484,0.0006422962352311867
DB2_DMS_14FD,241,0,0.0027679602877763673,1.7778504721081929e-06,-10.604473539323484,0.0006422962352311867
DB2_DMS_14FA,242,0,0.002779398140205195,1.7778504721081929e-06,-10.61042280565467,0.0006396530408475194
DB2_DMS_39RA,249,0,0.0028594631072069907,1.7778504721081929e-06,-10.651394586710976,0.0006217427557037888
DB2_DMS_31EL,253,0,0.002905214516922303,1.7778504721081929e-06,-10.674294988821055,0.0006119515312045165
DB2_DMS_39RL,259,0,0.0029738416314952706,1.7778504721081929e-06,-10.707978115077344,0.0005978295727921046
DB2_DMS_8EA,266,0,0.003053906598497066,1.7778504721081929e-06,-10.746306233736442,0.0005821561382994277
DB2_DMS_5KL,268,0,0.003076782303354722,1.7778504721081929e-06,-10.757072664605513,0.0005778278398734097
DB2_DMS_27LS,269,0,0.00308822015578355,1.7778504721081929e-06,-10.76242589909972,0.0005756877367627674
DB2_DMS_11KL,270,0,0.003099658008212378,1.7778504721081929e-06,-10.76775934340276,0.0005735634277710228
DB2_DMS_13ED,270,0,0.003099658008212378,1.7778504721081929e-06,-10.76775934340276,0.0005735634277710228
DB2_DMS_21VS,272,0,0.003122533713070034,1.7778504721081929e-06,-10.778367442968742,0.0005693614978972425
DB2_DMS_11KF,287,0,0.0032941014995024535,1.7778504721081929e-06,-10.855535303491202,0.0005397072532150945
DB2_DMS_13EV,300,0,0.003442793581077217,1.7778504721081929e-06,-10.919229978808591,0.0005163976376277315
DB2_DMS_27LD,303,0,0.003477107138363701,1.7778504721081929e-06,-10.933537815492475,0.0005113016083090369
DB2_DMS_13EA,305,0,0.003499982843221357,1.7778504721081929e-06,-10.94299814474154,0.0005079597677318536
DB2_DMS_45AF,313,0,0.0035914856626519803,1.7778504721081929e-06,-10.980231050940516,0.0004950181175985579
DB2_DMS_9ES,315,0,0.0036143613675096364,1.7778504721081929e-06,-10.989391050225992,0.0004918850915378076
DB2_DMS_26QL,315,0,0.0036143613675096364,1.7778504721081929e-06,-10.989391050225992,0.0004918850915378076
DB2_DMS_22IA,323,0,0.0037058641869402603,1.7778504721081929e-06,-11.025460304933514,0.0004797397806356395
DB2_DMS_14FL,327,0,0.003751615596655572,1.7778504721081929e-06,-11.043162306666973,0.0004738892955059366
DB2_DMS_16GV,343,0,0.00393462123551682,1.7778504721081929e-06,-11.111875056750987,0.00045184793292426503
DB2_DMS_13EF,345,0,0.003957496940374475,1.7778504721081929e-06,-11.120238529685613,0.00044923609516169715
DB2_DMS_19VS,349,0,0.004003248350089787,1.7778504721081929e-06,-11.136821413881217,0.00044410196835984914
DB2_DMS_13ES,361,0,0.004140502579235723,1.7778504721081929e-06,-11.185456189132093,0.0004293803561490254
DB2_DMS_14FK,395,0,0.004529389561815873,1.7778504721081929e-06,-11.314966922128498,0.0003925143659746141
