cluster_representative,structure_id,cluster_size,cluster_rank,is_singleton,is_representative,cluster_percentage_of_dataset,cluster_size_percentile,in_top_10_clusters,in_top_20_clusters,in_top_50_clusters,cumulative_coverage_at_rank,dataset_shannon_entropy,dataset_max_shannon_entropy,dataset_normalized_shannon,dataset_simpson_index,dataset_inverse_simpson,dataset_effective_n_clusters,dataset_evenness,dataset_total_structures,dataset_total_clusters,dataset_singleton_clusters,dataset_largest_cluster_size,dataset_mean_cluster_size,dataset_median_cluster_size,dataset_redundancy_pct,dataset
2_RFD_control_316_dldesign_0_af2pred,2_RFD_control_316_dldesign_0_af2pred,1,45,True,True,0.684931506849315,13.013698630136986,False,False,True,84.24657534246575,4.481660487828152,5.754887502163468,0.7787572713008439,0.10658660161381125,9.382042253521124,9.382042253521124,0.7787572713008439,146,54,37,38,2.7037037037037037,1.0,63.01369863013699,nonseed_control
2_RFD_control_3385_dldesign_0_af2pred,2_RFD_control_3385_dldesign_0_af2pred,2,16,False,True,1.36986301369863,31.164383561643838,False,True,True,65.06849315068493,4.481660487828152,5.754887502163468,0.7787572713008439,0.10658660161381125,9.382042253521124,9.382042253521124,0.7787572713008439,146,54,37,38,2.7037037037037037,1.0,63.01369863013699,nonseed_control
2_RFD_control_3385_dldesign_0_af2pred,2_RFD_control_300_dldesign_0_af2pred,2,16,False,False,1.36986301369863,31.164383561643838,False,True,True,65.06849315068493,4.481660487828152,5.754887502163468,0.7787572713008439,0.10658660161381125,9.382042253521124,9.382042253521124,0.7787572713008439,146,54,37,38,2.7037037037037037,1.0,63.01369863013699,nonseed_control
2_RFD_control_4221_dldesign_0_af2pred,2_RFD_control_4221_dldesign_0_af2pred,1,46,True,True,0.684931506849315,13.013698630136986,False,False,True,75.34246575342466,4.481660487828152,5.754887502163468,0.7787572713008439,0.10658660161381125,9.382042253521124,9.382042253521124,0.7787572713008439,146,54,37,38,2.7037037037037037,1.0,63.01369863013699,nonseed_control
2_RFD_control_4263_dldesign_0_af2pred,2_RFD_control_4263_dldesign_0_af2pred,1,47,True,True,0.684931506849315,13.013698630136986,False,False,True,80.82191780821918,4.481660487828152,5.754887502163468,0.7787572713008439,0.10658660161381125,9.382042253521124,9.382042253521124,0.7787572713008439,146,54,37,38,2.7037037037037037,1.0,63.01369863013699,nonseed_control
2_RFD_control_4408_dldesign_0_af2pred,2_RFD_control_4408_dldesign_0_af2pred,2,17,False,True,1.36986301369863,31.164383561643838,False,True,True,73.28767123287672,4.481660487828152,5.754887502163468,0.7787572713008439,0.10658660161381125,9.382042253521124,9.382042253521124,0.7787572713008439,146,54,37,38,2.7037037037037037,1.0,63.01369863013699,nonseed_control
2_RFD_control_4408_dldesign_0_af2pred,2_RFD_control_1203_dldesign_0_af2pred,2,17,False,False,1.36986301369863,31.164383561643838,False,True,True,73.28767123287672,4.481660487828152,5.754887502163468,0.7787572713008439,0.10658660161381125,9.382042253521124,9.382042253521124,0.7787572713008439,146,54,37,38,2.7037037037037037,1.0,63.01369863013699,nonseed_control
2_RFD_control_4685_dldesign_0_af2pred,2_RFD_control_4685_dldesign_0_af2pred,1,48,True,True,0.684931506849315,13.013698630136986,False,False,True,82.87671232876713,4.481660487828152,5.754887502163468,0.7787572713008439,0.10658660161381125,9.382042253521124,9.382042253521124,0.7787572713008439,146,54,37,38,2.7037037037037037,1.0,63.01369863013699,nonseed_control
2_RFD_control_4975_dldesign_0_af2pred,2_RFD_control_4975_dldesign_0_af2pred,1,49,True,True,0.684931506849315,13.013698630136986,False,False,True,82.1917808219178,4.481660487828152,5.754887502163468,0.7787572713008439,0.10658660161381125,9.382042253521124,9.382042253521124,0.7787572713008439,146,54,37,38,2.7037037037037037,1.0,63.01369863013699,nonseed_control
2_RFD_control_5138_dldesign_0_af2pred,2_RFD_control_5138_dldesign_0_af2pred,1,50,True,True,0.684931506849315,13.013698630136986,False,False,True,80.13698630136986,4.481660487828152,5.754887502163468,0.7787572713008439,0.10658660161381125,9.382042253521124,9.382042253521124,0.7787572713008439,146,54,37,38,2.7037037037037037,1.0,63.01369863013699,nonseed_control
2_RFD_control_5555_dldesign_0_af2pred,2_RFD_control_5555_dldesign_0_af2pred,1,51,True,True,0.684931506849315,13.013698630136986,False,False,False,76.02739726027397,4.481660487828152,5.754887502163468,0.7787572713008439,0.10658660161381125,9.382042253521124,9.382042253521124,0.7787572713008439,146,54,37,38,2.7037037037037037,1.0,63.01369863013699,nonseed_control
2_RFD_control_5578_dldesign_0_af2pred,2_RFD_control_5578_dldesign_0_af2pred,1,52,True,True,0.684931506849315,13.013698630136986,False,False,False,78.76712328767124,4.481660487828152,5.754887502163468,0.7787572713008439,0.10658660161381125,9.382042253521124,9.382042253521124,0.7787572713008439,146,54,37,38,2.7037037037037037,1.0,63.01369863013699,nonseed_control
2_RFD_control_5709_dldesign_0_af2pred,2_RFD_control_5709_dldesign_0_af2pred,1,53,True,True,0.684931506849315,13.013698630136986,False,False,False,76.71232876712328,4.481660487828152,5.754887502163468,0.7787572713008439,0.10658660161381125,9.382042253521124,9.382042253521124,0.7787572713008439,146,54,37,38,2.7037037037037037,1.0,63.01369863013699,nonseed_control
2_RFD_control_675_dldesign_0_af2pred,2_RFD_control_675_dldesign_0_af2pred,1,54,True,True,0.684931506849315,13.013698630136986,False,False,False,100.0,4.481660487828152,5.754887502163468,0.7787572713008439,0.10658660161381125,9.382042253521124,9.382042253521124,0.7787572713008439,146,54,37,38,2.7037037037037037,1.0,63.01369863013699,nonseed_control
1_RFD_control_1107_dldesign_0_af2pred,1_RFD_control_1107_dldesign_0_af2pred,1,18,True,True,0.684931506849315,13.013698630136986,False,True,True,86.3013698630137,4.481660487828152,5.754887502163468,0.7787572713008439,0.10658660161381125,9.382042253521124,9.382042253521124,0.7787572713008439,146,54,37,38,2.7037037037037037,1.0,63.01369863013699,nonseed_control
1_RFD_control_11_dldesign_0_af2pred,1_RFD_control_11_dldesign_0_af2pred,1,19,True,True,0.684931506849315,13.013698630136986,False,True,True,99.31506849315069,4.481660487828152,5.754887502163468,0.7787572713008439,0.10658660161381125,9.382042253521124,9.382042253521124,0.7787572713008439,146,54,37,38,2.7037037037037037,1.0,63.01369863013699,nonseed_control
1_RFD_control_153_dldesign_0_af2pred,1_RFD_control_153_dldesign_0_af2pred,2,10,False,True,1.36986301369863,31.164383561643838,True,True,True,71.91780821917808,4.481660487828152,5.754887502163468,0.7787572713008439,0.10658660161381125,9.382042253521124,9.382042253521124,0.7787572713008439,146,54,37,38,2.7037037037037037,1.0,63.01369863013699,nonseed_control
1_RFD_control_153_dldesign_0_af2pred,1_RFD_control_701_dldesign_0_af2pred,2,10,False,False,1.36986301369863,31.164383561643838,True,True,True,71.91780821917808,4.481660487828152,5.754887502163468,0.7787572713008439,0.10658660161381125,9.382042253521124,9.382042253521124,0.7787572713008439,146,54,37,38,2.7037037037037037,1.0,63.01369863013699,nonseed_control
1_RFD_control_1723_dldesign_0_af2pred,1_RFD_control_1723_dldesign_0_af2pred,1,20,True,True,0.684931506849315,13.013698630136986,False,True,True,88.35616438356165,4.481660487828152,5.754887502163468,0.7787572713008439,0.10658660161381125,9.382042253521124,9.382042253521124,0.7787572713008439,146,54,37,38,2.7037037037037037,1.0,63.01369863013699,nonseed_control
1_RFD_control_1776_dldesign_0_af2pred,1_RFD_control_1776_dldesign_0_af2pred,2,11,False,True,1.36986301369863,31.164383561643838,False,True,True,74.65753424657534,4.481660487828152,5.754887502163468,0.7787572713008439,0.10658660161381125,9.382042253521124,9.382042253521124,0.7787572713008439,146,54,37,38,2.7037037037037037,1.0,63.01369863013699,nonseed_control
1_RFD_control_1776_dldesign_0_af2pred,1_RFD_control_3021_dldesign_0_af2pred,2,11,False,False,1.36986301369863,31.164383561643838,False,True,True,74.65753424657534,4.481660487828152,5.754887502163468,0.7787572713008439,0.10658660161381125,9.382042253521124,9.382042253521124,0.7787572713008439,146,54,37,38,2.7037037037037037,1.0,63.01369863013699,nonseed_control
1_RFD_control_1837_dldesign_0_af2pred,1_RFD_control_1837_dldesign_0_af2pred,1,21,True,True,0.684931506849315,13.013698630136986,False,False,True,89.04109589041096,4.481660487828152,5.754887502163468,0.7787572713008439,0.10658660161381125,9.382042253521124,9.382042253521124,0.7787572713008439,146,54,37,38,2.7037037037037037,1.0,63.01369863013699,nonseed_control
1_RFD_control_1925_dldesign_0_af2pred,1_RFD_control_1925_dldesign_0_af2pred,4,5,False,True,2.73972602739726,44.178082191780824,True,True,True,61.64383561643836,4.481660487828152,5.754887502163468,0.7787572713008439,0.10658660161381125,9.382042253521124,9.382042253521124,0.7787572713008439,146,54,37,38,2.7037037037037037,1.0,63.01369863013699,nonseed_control
1_RFD_control_1925_dldesign_0_af2pred,2_RFD_control_1536_dldesign_0_af2pred,4,5,False,False,2.73972602739726,44.178082191780824,True,True,True,61.64383561643836,4.481660487828152,5.754887502163468,0.7787572713008439,0.10658660161381125,9.382042253521124,9.382042253521124,0.7787572713008439,146,54,37,38,2.7037037037037037,1.0,63.01369863013699,nonseed_control
1_RFD_control_1925_dldesign_0_af2pred,2_RFD_control_5363_dldesign_0_af2pred,4,5,False,False,2.73972602739726,44.178082191780824,True,True,True,61.64383561643836,4.481660487828152,5.754887502163468,0.7787572713008439,0.10658660161381125,9.382042253521124,9.382042253521124,0.7787572713008439,146,54,37,38,2.7037037037037037,1.0,63.01369863013699,nonseed_control
1_RFD_control_1925_dldesign_0_af2pred,2_RFD_control_5968_dldesign_0_af2pred,4,5,False,False,2.73972602739726,44.178082191780824,True,True,True,61.64383561643836,4.481660487828152,5.754887502163468,0.7787572713008439,0.10658660161381125,9.382042253521124,9.382042253521124,0.7787572713008439,146,54,37,38,2.7037037037037037,1.0,63.01369863013699,nonseed_control
1_RFD_control_1971_dldesign_0_af2pred,1_RFD_control_1971_dldesign_0_af2pred,1,22,True,True,0.684931506849315,13.013698630136986,False,False,True,89.72602739726027,4.481660487828152,5.754887502163468,0.7787572713008439,0.10658660161381125,9.382042253521124,9.382042253521124,0.7787572713008439,146,54,37,38,2.7037037037037037,1.0,63.01369863013699,nonseed_control
1_RFD_control_2013_dldesign_0_af2pred,1_RFD_control_2013_dldesign_0_af2pred,1,23,True,True,0.684931506849315,13.013698630136986,False,False,True,90.41095890410959,4.481660487828152,5.754887502163468,0.7787572713008439,0.10658660161381125,9.382042253521124,9.382042253521124,0.7787572713008439,146,54,37,38,2.7037037037037037,1.0,63.01369863013699,nonseed_control
1_RFD_control_242_dldesign_0_af2pred,1_RFD_control_242_dldesign_0_af2pred,1,24,True,True,0.684931506849315,13.013698630136986,False,False,True,91.0958904109589,4.481660487828152,5.754887502163468,0.7787572713008439,0.10658660161381125,9.382042253521124,9.382042253521124,0.7787572713008439,146,54,37,38,2.7037037037037037,1.0,63.01369863013699,nonseed_control
1_RFD_control_259_dldesign_0_af2pred,1_RFD_control_259_dldesign_0_af2pred,6,3,False,True,4.109589041095891,55.13698630136986,True,True,True,47.26027397260274,4.481660487828152,5.754887502163468,0.7787572713008439,0.10658660161381125,9.382042253521124,9.382042253521124,0.7787572713008439,146,54,37,38,2.7037037037037037,1.0,63.01369863013699,nonseed_control
1_RFD_control_259_dldesign_0_af2pred,1_RFD_control_693_dldesign_0_af2pred,6,3,False,False,4.109589041095891,55.13698630136986,True,True,True,47.26027397260274,4.481660487828152,5.754887502163468,0.7787572713008439,0.10658660161381125,9.382042253521124,9.382042253521124,0.7787572713008439,146,54,37,38,2.7037037037037037,1.0,63.01369863013699,nonseed_control
1_RFD_control_259_dldesign_0_af2pred,2_RFD_control_3003_dldesign_0_af2pred,6,3,False,False,4.109589041095891,55.13698630136986,True,True,True,47.26027397260274,4.481660487828152,5.754887502163468,0.7787572713008439,0.10658660161381125,9.382042253521124,9.382042253521124,0.7787572713008439,146,54,37,38,2.7037037037037037,1.0,63.01369863013699,nonseed_control
1_RFD_control_259_dldesign_0_af2pred,2_RFD_control_3642_dldesign_0_af2pred,6,3,False,False,4.109589041095891,55.13698630136986,True,True,True,47.26027397260274,4.481660487828152,5.754887502163468,0.7787572713008439,0.10658660161381125,9.382042253521124,9.382042253521124,0.7787572713008439,146,54,37,38,2.7037037037037037,1.0,63.01369863013699,nonseed_control
1_RFD_control_259_dldesign_0_af2pred,2_RFD_control_141_dldesign_0_af2pred,6,3,False,False,4.109589041095891,55.13698630136986,True,True,True,47.26027397260274,4.481660487828152,5.754887502163468,0.7787572713008439,0.10658660161381125,9.382042253521124,9.382042253521124,0.7787572713008439,146,54,37,38,2.7037037037037037,1.0,63.01369863013699,nonseed_control
1_RFD_control_259_dldesign_0_af2pred,2_RFD_control_5595_dldesign_0_af2pred,6,3,False,False,4.109589041095891,55.13698630136986,True,True,True,47.26027397260274,4.481660487828152,5.754887502163468,0.7787572713008439,0.10658660161381125,9.382042253521124,9.382042253521124,0.7787572713008439,146,54,37,38,2.7037037037037037,1.0,63.01369863013699,nonseed_control
1_RFD_control_2614_dldesign_0_af2pred,1_RFD_control_2614_dldesign_0_af2pred,1,25,True,True,0.684931506849315,13.013698630136986,False,False,True,91.78082191780823,4.481660487828152,5.754887502163468,0.7787572713008439,0.10658660161381125,9.382042253521124,9.382042253521124,0.7787572713008439,146,54,37,38,2.7037037037037037,1.0,63.01369863013699,nonseed_control
1_RFD_control_2633_dldesign_0_af2pred,1_RFD_control_2633_dldesign_0_af2pred,1,26,True,True,0.684931506849315,13.013698630136986,False,False,True,92.46575342465754,4.481660487828152,5.754887502163468,0.7787572713008439,0.10658660161381125,9.382042253521124,9.382042253521124,0.7787572713008439,146,54,37,38,2.7037037037037037,1.0,63.01369863013699,nonseed_control
1_RFD_control_2686_dldesign_0_af2pred,1_RFD_control_2686_dldesign_0_af2pred,1,27,True,True,0.684931506849315,13.013698630136986,False,False,True,93.15068493150685,4.481660487828152,5.754887502163468,0.7787572713008439,0.10658660161381125,9.382042253521124,9.382042253521124,0.7787572713008439,146,54,37,38,2.7037037037037037,1.0,63.01369863013699,nonseed_control
1_RFD_control_3355_dldesign_0_af2pred,1_RFD_control_3355_dldesign_0_af2pred,1,28,True,True,0.684931506849315,13.013698630136986,False,False,True,93.83561643835617,4.481660487828152,5.754887502163468,0.7787572713008439,0.10658660161381125,9.382042253521124,9.382042253521124,0.7787572713008439,146,54,37,38,2.7037037037037037,1.0,63.01369863013699,nonseed_control
1_RFD_control_3389_dldesign_0_af2pred,1_RFD_control_3389_dldesign_0_af2pred,1,29,True,True,0.684931506849315,13.013698630136986,False,False,True,94.52054794520548,4.481660487828152,5.754887502163468,0.7787572713008439,0.10658660161381125,9.382042253521124,9.382042253521124,0.7787572713008439,146,54,37,38,2.7037037037037037,1.0,63.01369863013699,nonseed_control
1_RFD_control_3488_dldesign_0_af2pred,1_RFD_control_3488_dldesign_0_af2pred,2,12,False,True,1.36986301369863,31.164383561643838,False,True,True,70.54794520547945,4.481660487828152,5.754887502163468,0.7787572713008439,0.10658660161381125,9.382042253521124,9.382042253521124,0.7787572713008439,146,54,37,38,2.7037037037037037,1.0,63.01369863013699,nonseed_control
1_RFD_control_3488_dldesign_0_af2pred,2_RFD_control_549_dldesign_0_af2pred,2,12,False,False,1.36986301369863,31.164383561643838,False,True,True,70.54794520547945,4.481660487828152,5.754887502163468,0.7787572713008439,0.10658660161381125,9.382042253521124,9.382042253521124,0.7787572713008439,146,54,37,38,2.7037037037037037,1.0,63.01369863013699,nonseed_control
1_RFD_control_3725_dldesign_0_af2pred,1_RFD_control_3725_dldesign_0_af2pred,1,30,True,True,0.684931506849315,13.013698630136986,False,False,True,95.20547945205479,4.481660487828152,5.754887502163468,0.7787572713008439,0.10658660161381125,9.382042253521124,9.382042253521124,0.7787572713008439,146,54,37,38,2.7037037037037037,1.0,63.01369863013699,nonseed_control
1_RFD_control_4029_dldesign_0_af2pred,1_RFD_control_4029_dldesign_0_af2pred,1,31,True,True,0.684931506849315,13.013698630136986,False,False,True,95.89041095890411,4.481660487828152,5.754887502163468,0.7787572713008439,0.10658660161381125,9.382042253521124,9.382042253521124,0.7787572713008439,146,54,37,38,2.7037037037037037,1.0,63.01369863013699,nonseed_control
1_RFD_control_4185_dldesign_0_af2pred,1_RFD_control_4185_dldesign_0_af2pred,1,32,True,True,0.684931506849315,13.013698630136986,False,False,True,96.57534246575342,4.481660487828152,5.754887502163468,0.7787572713008439,0.10658660161381125,9.382042253521124,9.382042253521124,0.7787572713008439,146,54,37,38,2.7037037037037037,1.0,63.01369863013699,nonseed_control
1_RFD_control_4188_dldesign_0_af2pred,1_RFD_control_4188_dldesign_0_af2pred,5,4,False,True,3.4246575342465753,51.369863013698634,True,True,True,50.68493150684932,4.481660487828152,5.754887502163468,0.7787572713008439,0.10658660161381125,9.382042253521124,9.382042253521124,0.7787572713008439,146,54,37,38,2.7037037037037037,1.0,63.01369863013699,nonseed_control
1_RFD_control_4188_dldesign_0_af2pred,2_RFD_control_3192_dldesign_0_af2pred,5,4,False,False,3.4246575342465753,51.369863013698634,True,True,True,50.68493150684932,4.481660487828152,5.754887502163468,0.7787572713008439,0.10658660161381125,9.382042253521124,9.382042253521124,0.7787572713008439,146,54,37,38,2.7037037037037037,1.0,63.01369863013699,nonseed_control
1_RFD_control_4188_dldesign_0_af2pred,2_RFD_control_2670_dldesign_0_af2pred,5,4,False,False,3.4246575342465753,51.369863013698634,True,True,True,50.68493150684932,4.481660487828152,5.754887502163468,0.7787572713008439,0.10658660161381125,9.382042253521124,9.382042253521124,0.7787572713008439,146,54,37,38,2.7037037037037037,1.0,63.01369863013699,nonseed_control
1_RFD_control_4188_dldesign_0_af2pred,2_RFD_control_2991_dldesign_0_af2pred,5,4,False,False,3.4246575342465753,51.369863013698634,True,True,True,50.68493150684932,4.481660487828152,5.754887502163468,0.7787572713008439,0.10658660161381125,9.382042253521124,9.382042253521124,0.7787572713008439,146,54,37,38,2.7037037037037037,1.0,63.01369863013699,nonseed_control
1_RFD_control_4188_dldesign_0_af2pred,1_RFD_control_5680_dldesign_0_af2pred,5,4,False,False,3.4246575342465753,51.369863013698634,True,True,True,50.68493150684932,4.481660487828152,5.754887502163468,0.7787572713008439,0.10658660161381125,9.382042253521124,9.382042253521124,0.7787572713008439,146,54,37,38,2.7037037037037037,1.0,63.01369863013699,nonseed_control
1_RFD_control_42_dldesign_0_af2pred,1_RFD_control_42_dldesign_0_af2pred,25,2,False,True,17.123287671232877,65.75342465753424,True,True,True,43.15068493150685,4.481660487828152,5.754887502163468,0.7787572713008439,0.10658660161381125,9.382042253521124,9.382042253521124,0.7787572713008439,146,54,37,38,2.7037037037037037,1.0,63.01369863013699,nonseed_control
1_RFD_control_42_dldesign_0_af2pred,1_RFD_control_2050_dldesign_0_af2pred,25,2,False,False,17.123287671232877,65.75342465753424,True,True,True,43.15068493150685,4.481660487828152,5.754887502163468,0.7787572713008439,0.10658660161381125,9.382042253521124,9.382042253521124,0.7787572713008439,146,54,37,38,2.7037037037037037,1.0,63.01369863013699,nonseed_control
1_RFD_control_42_dldesign_0_af2pred,1_RFD_control_3175_dldesign_0_af2pred,25,2,False,False,17.123287671232877,65.75342465753424,True,True,True,43.15068493150685,4.481660487828152,5.754887502163468,0.7787572713008439,0.10658660161381125,9.382042253521124,9.382042253521124,0.7787572713008439,146,54,37,38,2.7037037037037037,1.0,63.01369863013699,nonseed_control
1_RFD_control_42_dldesign_0_af2pred,1_RFD_control_3549_dldesign_0_af2pred,25,2,False,False,17.123287671232877,65.75342465753424,True,True,True,43.15068493150685,4.481660487828152,5.754887502163468,0.7787572713008439,0.10658660161381125,9.382042253521124,9.382042253521124,0.7787572713008439,146,54,37,38,2.7037037037037037,1.0,63.01369863013699,nonseed_control
1_RFD_control_42_dldesign_0_af2pred,1_RFD_control_1166_dldesign_0_af2pred,25,2,False,False,17.123287671232877,65.75342465753424,True,True,True,43.15068493150685,4.481660487828152,5.754887502163468,0.7787572713008439,0.10658660161381125,9.382042253521124,9.382042253521124,0.7787572713008439,146,54,37,38,2.7037037037037037,1.0,63.01369863013699,nonseed_control
1_RFD_control_42_dldesign_0_af2pred,1_RFD_control_1239_dldesign_0_af2pred,25,2,False,False,17.123287671232877,65.75342465753424,True,True,True,43.15068493150685,4.481660487828152,5.754887502163468,0.7787572713008439,0.10658660161381125,9.382042253521124,9.382042253521124,0.7787572713008439,146,54,37,38,2.7037037037037037,1.0,63.01369863013699,nonseed_control
1_RFD_control_42_dldesign_0_af2pred,2_RFD_control_4153_dldesign_0_af2pred,25,2,False,False,17.123287671232877,65.75342465753424,True,True,True,43.15068493150685,4.481660487828152,5.754887502163468,0.7787572713008439,0.10658660161381125,9.382042253521124,9.382042253521124,0.7787572713008439,146,54,37,38,2.7037037037037037,1.0,63.01369863013699,nonseed_control
1_RFD_control_42_dldesign_0_af2pred,1_RFD_control_2099_dldesign_0_af2pred,25,2,False,False,17.123287671232877,65.75342465753424,True,True,True,43.15068493150685,4.481660487828152,5.754887502163468,0.7787572713008439,0.10658660161381125,9.382042253521124,9.382042253521124,0.7787572713008439,146,54,37,38,2.7037037037037037,1.0,63.01369863013699,nonseed_control
1_RFD_control_42_dldesign_0_af2pred,1_RFD_control_4126_dldesign_0_af2pred,25,2,False,False,17.123287671232877,65.75342465753424,True,True,True,43.15068493150685,4.481660487828152,5.754887502163468,0.7787572713008439,0.10658660161381125,9.382042253521124,9.382042253521124,0.7787572713008439,146,54,37,38,2.7037037037037037,1.0,63.01369863013699,nonseed_control
1_RFD_control_42_dldesign_0_af2pred,1_RFD_control_2509_dldesign_0_af2pred,25,2,False,False,17.123287671232877,65.75342465753424,True,True,True,43.15068493150685,4.481660487828152,5.754887502163468,0.7787572713008439,0.10658660161381125,9.382042253521124,9.382042253521124,0.7787572713008439,146,54,37,38,2.7037037037037037,1.0,63.01369863013699,nonseed_control
1_RFD_control_42_dldesign_0_af2pred,1_RFD_control_3408_dldesign_0_af2pred,25,2,False,False,17.123287671232877,65.75342465753424,True,True,True,43.15068493150685,4.481660487828152,5.754887502163468,0.7787572713008439,0.10658660161381125,9.382042253521124,9.382042253521124,0.7787572713008439,146,54,37,38,2.7037037037037037,1.0,63.01369863013699,nonseed_control
1_RFD_control_42_dldesign_0_af2pred,1_RFD_control_3437_dldesign_0_af2pred,25,2,False,False,17.123287671232877,65.75342465753424,True,True,True,43.15068493150685,4.481660487828152,5.754887502163468,0.7787572713008439,0.10658660161381125,9.382042253521124,9.382042253521124,0.7787572713008439,146,54,37,38,2.7037037037037037,1.0,63.01369863013699,nonseed_control
1_RFD_control_42_dldesign_0_af2pred,1_RFD_control_4267_dldesign_0_af2pred,25,2,False,False,17.123287671232877,65.75342465753424,True,True,True,43.15068493150685,4.481660487828152,5.754887502163468,0.7787572713008439,0.10658660161381125,9.382042253521124,9.382042253521124,0.7787572713008439,146,54,37,38,2.7037037037037037,1.0,63.01369863013699,nonseed_control
1_RFD_control_42_dldesign_0_af2pred,2_RFD_control_1334_dldesign_0_af2pred,25,2,False,False,17.123287671232877,65.75342465753424,True,True,True,43.15068493150685,4.481660487828152,5.754887502163468,0.7787572713008439,0.10658660161381125,9.382042253521124,9.382042253521124,0.7787572713008439,146,54,37,38,2.7037037037037037,1.0,63.01369863013699,nonseed_control
1_RFD_control_42_dldesign_0_af2pred,2_RFD_control_1889_dldesign_0_af2pred,25,2,False,False,17.123287671232877,65.75342465753424,True,True,True,43.15068493150685,4.481660487828152,5.754887502163468,0.7787572713008439,0.10658660161381125,9.382042253521124,9.382042253521124,0.7787572713008439,146,54,37,38,2.7037037037037037,1.0,63.01369863013699,nonseed_control
1_RFD_control_42_dldesign_0_af2pred,2_RFD_control_3420_dldesign_0_af2pred,25,2,False,False,17.123287671232877,65.75342465753424,True,True,True,43.15068493150685,4.481660487828152,5.754887502163468,0.7787572713008439,0.10658660161381125,9.382042253521124,9.382042253521124,0.7787572713008439,146,54,37,38,2.7037037037037037,1.0,63.01369863013699,nonseed_control
1_RFD_control_42_dldesign_0_af2pred,2_RFD_control_3606_dldesign_0_af2pred,25,2,False,False,17.123287671232877,65.75342465753424,True,True,True,43.15068493150685,4.481660487828152,5.754887502163468,0.7787572713008439,0.10658660161381125,9.382042253521124,9.382042253521124,0.7787572713008439,146,54,37,38,2.7037037037037037,1.0,63.01369863013699,nonseed_control
1_RFD_control_42_dldesign_0_af2pred,2_RFD_control_1325_dldesign_0_af2pred,25,2,False,False,17.123287671232877,65.75342465753424,True,True,True,43.15068493150685,4.481660487828152,5.754887502163468,0.7787572713008439,0.10658660161381125,9.382042253521124,9.382042253521124,0.7787572713008439,146,54,37,38,2.7037037037037037,1.0,63.01369863013699,nonseed_control
1_RFD_control_42_dldesign_0_af2pred,1_RFD_control_1186_dldesign_0_af2pred,25,2,False,False,17.123287671232877,65.75342465753424,True,True,True,43.15068493150685,4.481660487828152,5.754887502163468,0.7787572713008439,0.10658660161381125,9.382042253521124,9.382042253521124,0.7787572713008439,146,54,37,38,2.7037037037037037,1.0,63.01369863013699,nonseed_control
1_RFD_control_42_dldesign_0_af2pred,2_RFD_control_5164_dldesign_0_af2pred,25,2,False,False,17.123287671232877,65.75342465753424,True,True,True,43.15068493150685,4.481660487828152,5.754887502163468,0.7787572713008439,0.10658660161381125,9.382042253521124,9.382042253521124,0.7787572713008439,146,54,37,38,2.7037037037037037,1.0,63.01369863013699,nonseed_control
1_RFD_control_42_dldesign_0_af2pred,2_RFD_control_353_dldesign_0_af2pred,25,2,False,False,17.123287671232877,65.75342465753424,True,True,True,43.15068493150685,4.481660487828152,5.754887502163468,0.7787572713008439,0.10658660161381125,9.382042253521124,9.382042253521124,0.7787572713008439,146,54,37,38,2.7037037037037037,1.0,63.01369863013699,nonseed_control
1_RFD_control_42_dldesign_0_af2pred,1_RFD_control_106_dldesign_0_af2pred,25,2,False,False,17.123287671232877,65.75342465753424,True,True,True,43.15068493150685,4.481660487828152,5.754887502163468,0.7787572713008439,0.10658660161381125,9.382042253521124,9.382042253521124,0.7787572713008439,146,54,37,38,2.7037037037037037,1.0,63.01369863013699,nonseed_control
1_RFD_control_42_dldesign_0_af2pred,2_RFD_control_1551_dldesign_0_af2pred,25,2,False,False,17.123287671232877,65.75342465753424,True,True,True,43.15068493150685,4.481660487828152,5.754887502163468,0.7787572713008439,0.10658660161381125,9.382042253521124,9.382042253521124,0.7787572713008439,146,54,37,38,2.7037037037037037,1.0,63.01369863013699,nonseed_control
1_RFD_control_42_dldesign_0_af2pred,2_RFD_control_1817_dldesign_0_af2pred,25,2,False,False,17.123287671232877,65.75342465753424,True,True,True,43.15068493150685,4.481660487828152,5.754887502163468,0.7787572713008439,0.10658660161381125,9.382042253521124,9.382042253521124,0.7787572713008439,146,54,37,38,2.7037037037037037,1.0,63.01369863013699,nonseed_control
1_RFD_control_42_dldesign_0_af2pred,2_RFD_control_2400_dldesign_0_af2pred,25,2,False,False,17.123287671232877,65.75342465753424,True,True,True,43.15068493150685,4.481660487828152,5.754887502163468,0.7787572713008439,0.10658660161381125,9.382042253521124,9.382042253521124,0.7787572713008439,146,54,37,38,2.7037037037037037,1.0,63.01369863013699,nonseed_control
1_RFD_control_4324_dldesign_0_af2pred,1_RFD_control_4324_dldesign_0_af2pred,1,33,True,True,0.684931506849315,13.013698630136986,False,False,True,97.26027397260275,4.481660487828152,5.754887502163468,0.7787572713008439,0.10658660161381125,9.382042253521124,9.382042253521124,0.7787572713008439,146,54,37,38,2.7037037037037037,1.0,63.01369863013699,nonseed_control
1_RFD_control_4379_dldesign_0_af2pred,1_RFD_control_4379_dldesign_0_af2pred,3,9,False,True,2.0547945205479454,37.67123287671233,True,True,True,63.6986301369863,4.481660487828152,5.754887502163468,0.7787572713008439,0.10658660161381125,9.382042253521124,9.382042253521124,0.7787572713008439,146,54,37,38,2.7037037037037037,1.0,63.01369863013699,nonseed_control
1_RFD_control_4379_dldesign_0_af2pred,1_RFD_control_2786_dldesign_0_af2pred,3,9,False,False,2.0547945205479454,37.67123287671233,True,True,True,63.6986301369863,4.481660487828152,5.754887502163468,0.7787572713008439,0.10658660161381125,9.382042253521124,9.382042253521124,0.7787572713008439,146,54,37,38,2.7037037037037037,1.0,63.01369863013699,nonseed_control
1_RFD_control_4379_dldesign_0_af2pred,2_RFD_control_3056_dldesign_0_af2pred,3,9,False,False,2.0547945205479454,37.67123287671233,True,True,True,63.6986301369863,4.481660487828152,5.754887502163468,0.7787572713008439,0.10658660161381125,9.382042253521124,9.382042253521124,0.7787572713008439,146,54,37,38,2.7037037037037037,1.0,63.01369863013699,nonseed_control
1_RFD_control_4557_dldesign_0_af2pred,1_RFD_control_4557_dldesign_0_af2pred,1,34,True,True,0.684931506849315,13.013698630136986,False,False,True,97.94520547945206,4.481660487828152,5.754887502163468,0.7787572713008439,0.10658660161381125,9.382042253521124,9.382042253521124,0.7787572713008439,146,54,37,38,2.7037037037037037,1.0,63.01369863013699,nonseed_control
1_RFD_control_4977_dldesign_0_af2pred,1_RFD_control_4977_dldesign_0_af2pred,1,35,True,True,0.684931506849315,13.013698630136986,False,False,True,98.63013698630137,4.481660487828152,5.754887502163468,0.7787572713008439,0.10658660161381125,9.382042253521124,9.382042253521124,0.7787572713008439,146,54,37,38,2.7037037037037037,1.0,63.01369863013699,nonseed_control
1_RFD_control_5081_dldesign_0_af2pred,1_RFD_control_5081_dldesign_0_af2pred,2,13,False,True,1.36986301369863,31.164383561643838,False,True,True,67.8082191780822,4.481660487828152,5.754887502163468,0.7787572713008439,0.10658660161381125,9.382042253521124,9.382042253521124,0.7787572713008439,146,54,37,38,2.7037037037037037,1.0,63.01369863013699,nonseed_control
1_RFD_control_5081_dldesign_0_af2pred,1_RFD_control_2639_dldesign_0_af2pred,2,13,False,False,1.36986301369863,31.164383561643838,False,True,True,67.8082191780822,4.481660487828152,5.754887502163468,0.7787572713008439,0.10658660161381125,9.382042253521124,9.382042253521124,0.7787572713008439,146,54,37,38,2.7037037037037037,1.0,63.01369863013699,nonseed_control
1_RFD_control_5664_dldesign_0_af2pred,1_RFD_control_5664_dldesign_0_af2pred,4,6,False,True,2.73972602739726,44.178082191780824,True,True,True,53.42465753424658,4.481660487828152,5.754887502163468,0.7787572713008439,0.10658660161381125,9.382042253521124,9.382042253521124,0.7787572713008439,146,54,37,38,2.7037037037037037,1.0,63.01369863013699,nonseed_control
1_RFD_control_5664_dldesign_0_af2pred,2_RFD_control_2866_dldesign_0_af2pred,4,6,False,False,2.73972602739726,44.178082191780824,True,True,True,53.42465753424658,4.481660487828152,5.754887502163468,0.7787572713008439,0.10658660161381125,9.382042253521124,9.382042253521124,0.7787572713008439,146,54,37,38,2.7037037037037037,1.0,63.01369863013699,nonseed_control
1_RFD_control_5664_dldesign_0_af2pred,2_RFD_control_1952_dldesign_0_af2pred,4,6,False,False,2.73972602739726,44.178082191780824,True,True,True,53.42465753424658,4.481660487828152,5.754887502163468,0.7787572713008439,0.10658660161381125,9.382042253521124,9.382042253521124,0.7787572713008439,146,54,37,38,2.7037037037037037,1.0,63.01369863013699,nonseed_control
1_RFD_control_5664_dldesign_0_af2pred,2_RFD_control_2164_dldesign_0_af2pred,4,6,False,False,2.73972602739726,44.178082191780824,True,True,True,53.42465753424658,4.481660487828152,5.754887502163468,0.7787572713008439,0.10658660161381125,9.382042253521124,9.382042253521124,0.7787572713008439,146,54,37,38,2.7037037037037037,1.0,63.01369863013699,nonseed_control
1_RFD_control_5684_dldesign_0_af2pred,1_RFD_control_5684_dldesign_0_af2pred,2,14,False,True,1.36986301369863,31.164383561643838,False,True,True,66.43835616438356,4.481660487828152,5.754887502163468,0.7787572713008439,0.10658660161381125,9.382042253521124,9.382042253521124,0.7787572713008439,146,54,37,38,2.7037037037037037,1.0,63.01369863013699,nonseed_control
1_RFD_control_5684_dldesign_0_af2pred,2_RFD_control_5003_dldesign_0_af2pred,2,14,False,False,1.36986301369863,31.164383561643838,False,True,True,66.43835616438356,4.481660487828152,5.754887502163468,0.7787572713008439,0.10658660161381125,9.382042253521124,9.382042253521124,0.7787572713008439,146,54,37,38,2.7037037037037037,1.0,63.01369863013699,nonseed_control
1_RFD_control_5712_dldesign_0_af2pred,1_RFD_control_5712_dldesign_0_af2pred,1,36,True,True,0.684931506849315,13.013698630136986,False,False,True,87.67123287671232,4.481660487828152,5.754887502163468,0.7787572713008439,0.10658660161381125,9.382042253521124,9.382042253521124,0.7787572713008439,146,54,37,38,2.7037037037037037,1.0,63.01369863013699,nonseed_control
1_RFD_control_5715_dldesign_0_af2pred,1_RFD_control_5715_dldesign_0_af2pred,4,7,False,True,2.73972602739726,44.178082191780824,True,True,True,58.9041095890411,4.481660487828152,5.754887502163468,0.7787572713008439,0.10658660161381125,9.382042253521124,9.382042253521124,0.7787572713008439,146,54,37,38,2.7037037037037037,1.0,63.01369863013699,nonseed_control
1_RFD_control_5715_dldesign_0_af2pred,1_RFD_control_5570_dldesign_0_af2pred,4,7,False,False,2.73972602739726,44.178082191780824,True,True,True,58.9041095890411,4.481660487828152,5.754887502163468,0.7787572713008439,0.10658660161381125,9.382042253521124,9.382042253521124,0.7787572713008439,146,54,37,38,2.7037037037037037,1.0,63.01369863013699,nonseed_control
1_RFD_control_5715_dldesign_0_af2pred,2_RFD_control_5228_dldesign_0_af2pred,4,7,False,False,2.73972602739726,44.178082191780824,True,True,True,58.9041095890411,4.481660487828152,5.754887502163468,0.7787572713008439,0.10658660161381125,9.382042253521124,9.382042253521124,0.7787572713008439,146,54,37,38,2.7037037037037037,1.0,63.01369863013699,nonseed_control
1_RFD_control_5715_dldesign_0_af2pred,2_RFD_control_3252_dldesign_0_af2pred,4,7,False,False,2.73972602739726,44.178082191780824,True,True,True,58.9041095890411,4.481660487828152,5.754887502163468,0.7787572713008439,0.10658660161381125,9.382042253521124,9.382042253521124,0.7787572713008439,146,54,37,38,2.7037037037037037,1.0,63.01369863013699,nonseed_control
1_RFD_control_5872_dldesign_0_af2pred,1_RFD_control_5872_dldesign_0_af2pred,4,8,False,True,2.73972602739726,44.178082191780824,True,True,True,56.16438356164384,4.481660487828152,5.754887502163468,0.7787572713008439,0.10658660161381125,9.382042253521124,9.382042253521124,0.7787572713008439,146,54,37,38,2.7037037037037037,1.0,63.01369863013699,nonseed_control
1_RFD_control_5872_dldesign_0_af2pred,2_RFD_control_1540_dldesign_0_af2pred,4,8,False,False,2.73972602739726,44.178082191780824,True,True,True,56.16438356164384,4.481660487828152,5.754887502163468,0.7787572713008439,0.10658660161381125,9.382042253521124,9.382042253521124,0.7787572713008439,146,54,37,38,2.7037037037037037,1.0,63.01369863013699,nonseed_control
1_RFD_control_5872_dldesign_0_af2pred,2_RFD_control_4518_dldesign_0_af2pred,4,8,False,False,2.73972602739726,44.178082191780824,True,True,True,56.16438356164384,4.481660487828152,5.754887502163468,0.7787572713008439,0.10658660161381125,9.382042253521124,9.382042253521124,0.7787572713008439,146,54,37,38,2.7037037037037037,1.0,63.01369863013699,nonseed_control
1_RFD_control_5872_dldesign_0_af2pred,2_RFD_control_4912_dldesign_0_af2pred,4,8,False,False,2.73972602739726,44.178082191780824,True,True,True,56.16438356164384,4.481660487828152,5.754887502163468,0.7787572713008439,0.10658660161381125,9.382042253521124,9.382042253521124,0.7787572713008439,146,54,37,38,2.7037037037037037,1.0,63.01369863013699,nonseed_control
1_RFD_control_5889_dldesign_0_af2pred,1_RFD_control_5889_dldesign_0_af2pred,1,37,True,True,0.684931506849315,13.013698630136986,False,False,True,86.98630136986301,4.481660487828152,5.754887502163468,0.7787572713008439,0.10658660161381125,9.382042253521124,9.382042253521124,0.7787572713008439,146,54,37,38,2.7037037037037037,1.0,63.01369863013699,nonseed_control
2_RFD_control_1149_dldesign_0_af2pred,2_RFD_control_1149_dldesign_0_af2pred,1,38,True,True,0.684931506849315,13.013698630136986,False,False,True,84.93150684931507,4.481660487828152,5.754887502163468,0.7787572713008439,0.10658660161381125,9.382042253521124,9.382042253521124,0.7787572713008439,146,54,37,38,2.7037037037037037,1.0,63.01369863013699,nonseed_control
2_RFD_control_1160_dldesign_0_af2pred,2_RFD_control_1160_dldesign_0_af2pred,1,39,True,True,0.684931506849315,13.013698630136986,False,False,True,85.61643835616438,4.481660487828152,5.754887502163468,0.7787572713008439,0.10658660161381125,9.382042253521124,9.382042253521124,0.7787572713008439,146,54,37,38,2.7037037037037037,1.0,63.01369863013699,nonseed_control
2_RFD_control_1371_dldesign_0_af2pred,2_RFD_control_1371_dldesign_0_af2pred,1,40,True,True,0.684931506849315,13.013698630136986,False,False,True,77.3972602739726,4.481660487828152,5.754887502163468,0.7787572713008439,0.10658660161381125,9.382042253521124,9.382042253521124,0.7787572713008439,146,54,37,38,2.7037037037037037,1.0,63.01369863013699,nonseed_control
2_RFD_control_2144_dldesign_0_af2pred,2_RFD_control_2144_dldesign_0_af2pred,1,41,True,True,0.684931506849315,13.013698630136986,False,False,True,78.08219178082192,4.481660487828152,5.754887502163468,0.7787572713008439,0.10658660161381125,9.382042253521124,9.382042253521124,0.7787572713008439,146,54,37,38,2.7037037037037037,1.0,63.01369863013699,nonseed_control
2_RFD_control_224_dldesign_0_af2pred,2_RFD_control_224_dldesign_0_af2pred,1,42,True,True,0.684931506849315,13.013698630136986,False,False,True,79.45205479452055,4.481660487828152,5.754887502163468,0.7787572713008439,0.10658660161381125,9.382042253521124,9.382042253521124,0.7787572713008439,146,54,37,38,2.7037037037037037,1.0,63.01369863013699,nonseed_control
2_RFD_control_2585_dldesign_0_af2pred,2_RFD_control_2585_dldesign_0_af2pred,38,1,False,True,26.027397260273972,87.32876712328768,True,True,True,26.027397260273972,4.481660487828152,5.754887502163468,0.7787572713008439,0.10658660161381125,9.382042253521124,9.382042253521124,0.7787572713008439,146,54,37,38,2.7037037037037037,1.0,63.01369863013699,nonseed_control
2_RFD_control_2585_dldesign_0_af2pred,1_RFD_control_1341_dldesign_0_af2pred,38,1,False,False,26.027397260273972,87.32876712328768,True,True,True,26.027397260273972,4.481660487828152,5.754887502163468,0.7787572713008439,0.10658660161381125,9.382042253521124,9.382042253521124,0.7787572713008439,146,54,37,38,2.7037037037037037,1.0,63.01369863013699,nonseed_control
2_RFD_control_2585_dldesign_0_af2pred,1_RFD_control_1635_dldesign_0_af2pred,38,1,False,False,26.027397260273972,87.32876712328768,True,True,True,26.027397260273972,4.481660487828152,5.754887502163468,0.7787572713008439,0.10658660161381125,9.382042253521124,9.382042253521124,0.7787572713008439,146,54,37,38,2.7037037037037037,1.0,63.01369863013699,nonseed_control
2_RFD_control_2585_dldesign_0_af2pred,1_RFD_control_2312_dldesign_0_af2pred,38,1,False,False,26.027397260273972,87.32876712328768,True,True,True,26.027397260273972,4.481660487828152,5.754887502163468,0.7787572713008439,0.10658660161381125,9.382042253521124,9.382042253521124,0.7787572713008439,146,54,37,38,2.7037037037037037,1.0,63.01369863013699,nonseed_control
2_RFD_control_2585_dldesign_0_af2pred,1_RFD_control_2443_dldesign_0_af2pred,38,1,False,False,26.027397260273972,87.32876712328768,True,True,True,26.027397260273972,4.481660487828152,5.754887502163468,0.7787572713008439,0.10658660161381125,9.382042253521124,9.382042253521124,0.7787572713008439,146,54,37,38,2.7037037037037037,1.0,63.01369863013699,nonseed_control
2_RFD_control_2585_dldesign_0_af2pred,1_RFD_control_2734_dldesign_0_af2pred,38,1,False,False,26.027397260273972,87.32876712328768,True,True,True,26.027397260273972,4.481660487828152,5.754887502163468,0.7787572713008439,0.10658660161381125,9.382042253521124,9.382042253521124,0.7787572713008439,146,54,37,38,2.7037037037037037,1.0,63.01369863013699,nonseed_control
2_RFD_control_2585_dldesign_0_af2pred,1_RFD_control_2850_dldesign_0_af2pred,38,1,False,False,26.027397260273972,87.32876712328768,True,True,True,26.027397260273972,4.481660487828152,5.754887502163468,0.7787572713008439,0.10658660161381125,9.382042253521124,9.382042253521124,0.7787572713008439,146,54,37,38,2.7037037037037037,1.0,63.01369863013699,nonseed_control
2_RFD_control_2585_dldesign_0_af2pred,1_RFD_control_2919_dldesign_0_af2pred,38,1,False,False,26.027397260273972,87.32876712328768,True,True,True,26.027397260273972,4.481660487828152,5.754887502163468,0.7787572713008439,0.10658660161381125,9.382042253521124,9.382042253521124,0.7787572713008439,146,54,37,38,2.7037037037037037,1.0,63.01369863013699,nonseed_control
2_RFD_control_2585_dldesign_0_af2pred,1_RFD_control_3226_dldesign_0_af2pred,38,1,False,False,26.027397260273972,87.32876712328768,True,True,True,26.027397260273972,4.481660487828152,5.754887502163468,0.7787572713008439,0.10658660161381125,9.382042253521124,9.382042253521124,0.7787572713008439,146,54,37,38,2.7037037037037037,1.0,63.01369863013699,nonseed_control
2_RFD_control_2585_dldesign_0_af2pred,1_RFD_control_3530_dldesign_0_af2pred,38,1,False,False,26.027397260273972,87.32876712328768,True,True,True,26.027397260273972,4.481660487828152,5.754887502163468,0.7787572713008439,0.10658660161381125,9.382042253521124,9.382042253521124,0.7787572713008439,146,54,37,38,2.7037037037037037,1.0,63.01369863013699,nonseed_control
2_RFD_control_2585_dldesign_0_af2pred,1_RFD_control_367_dldesign_0_af2pred,38,1,False,False,26.027397260273972,87.32876712328768,True,True,True,26.027397260273972,4.481660487828152,5.754887502163468,0.7787572713008439,0.10658660161381125,9.382042253521124,9.382042253521124,0.7787572713008439,146,54,37,38,2.7037037037037037,1.0,63.01369863013699,nonseed_control
2_RFD_control_2585_dldesign_0_af2pred,1_RFD_control_3815_dldesign_0_af2pred,38,1,False,False,26.027397260273972,87.32876712328768,True,True,True,26.027397260273972,4.481660487828152,5.754887502163468,0.7787572713008439,0.10658660161381125,9.382042253521124,9.382042253521124,0.7787572713008439,146,54,37,38,2.7037037037037037,1.0,63.01369863013699,nonseed_control
2_RFD_control_2585_dldesign_0_af2pred,1_RFD_control_4468_dldesign_0_af2pred,38,1,False,False,26.027397260273972,87.32876712328768,True,True,True,26.027397260273972,4.481660487828152,5.754887502163468,0.7787572713008439,0.10658660161381125,9.382042253521124,9.382042253521124,0.7787572713008439,146,54,37,38,2.7037037037037037,1.0,63.01369863013699,nonseed_control
2_RFD_control_2585_dldesign_0_af2pred,1_RFD_control_4919_dldesign_0_af2pred,38,1,False,False,26.027397260273972,87.32876712328768,True,True,True,26.027397260273972,4.481660487828152,5.754887502163468,0.7787572713008439,0.10658660161381125,9.382042253521124,9.382042253521124,0.7787572713008439,146,54,37,38,2.7037037037037037,1.0,63.01369863013699,nonseed_control
2_RFD_control_2585_dldesign_0_af2pred,1_RFD_control_5181_dldesign_0_af2pred,38,1,False,False,26.027397260273972,87.32876712328768,True,True,True,26.027397260273972,4.481660487828152,5.754887502163468,0.7787572713008439,0.10658660161381125,9.382042253521124,9.382042253521124,0.7787572713008439,146,54,37,38,2.7037037037037037,1.0,63.01369863013699,nonseed_control
2_RFD_control_2585_dldesign_0_af2pred,1_RFD_control_5442_dldesign_0_af2pred,38,1,False,False,26.027397260273972,87.32876712328768,True,True,True,26.027397260273972,4.481660487828152,5.754887502163468,0.7787572713008439,0.10658660161381125,9.382042253521124,9.382042253521124,0.7787572713008439,146,54,37,38,2.7037037037037037,1.0,63.01369863013699,nonseed_control
2_RFD_control_2585_dldesign_0_af2pred,1_RFD_control_5508_dldesign_0_af2pred,38,1,False,False,26.027397260273972,87.32876712328768,True,True,True,26.027397260273972,4.481660487828152,5.754887502163468,0.7787572713008439,0.10658660161381125,9.382042253521124,9.382042253521124,0.7787572713008439,146,54,37,38,2.7037037037037037,1.0,63.01369863013699,nonseed_control
2_RFD_control_2585_dldesign_0_af2pred,1_RFD_control_5777_dldesign_0_af2pred,38,1,False,False,26.027397260273972,87.32876712328768,True,True,True,26.027397260273972,4.481660487828152,5.754887502163468,0.7787572713008439,0.10658660161381125,9.382042253521124,9.382042253521124,0.7787572713008439,146,54,37,38,2.7037037037037037,1.0,63.01369863013699,nonseed_control
2_RFD_control_2585_dldesign_0_af2pred,1_RFD_control_708_dldesign_0_af2pred,38,1,False,False,26.027397260273972,87.32876712328768,True,True,True,26.027397260273972,4.481660487828152,5.754887502163468,0.7787572713008439,0.10658660161381125,9.382042253521124,9.382042253521124,0.7787572713008439,146,54,37,38,2.7037037037037037,1.0,63.01369863013699,nonseed_control
2_RFD_control_2585_dldesign_0_af2pred,1_RFD_control_938_dldesign_0_af2pred,38,1,False,False,26.027397260273972,87.32876712328768,True,True,True,26.027397260273972,4.481660487828152,5.754887502163468,0.7787572713008439,0.10658660161381125,9.382042253521124,9.382042253521124,0.7787572713008439,146,54,37,38,2.7037037037037037,1.0,63.01369863013699,nonseed_control
2_RFD_control_2585_dldesign_0_af2pred,1_RFD_control_5426_dldesign_0_af2pred,38,1,False,False,26.027397260273972,87.32876712328768,True,True,True,26.027397260273972,4.481660487828152,5.754887502163468,0.7787572713008439,0.10658660161381125,9.382042253521124,9.382042253521124,0.7787572713008439,146,54,37,38,2.7037037037037037,1.0,63.01369863013699,nonseed_control
2_RFD_control_2585_dldesign_0_af2pred,2_RFD_control_1341_dldesign_0_af2pred,38,1,False,False,26.027397260273972,87.32876712328768,True,True,True,26.027397260273972,4.481660487828152,5.754887502163468,0.7787572713008439,0.10658660161381125,9.382042253521124,9.382042253521124,0.7787572713008439,146,54,37,38,2.7037037037037037,1.0,63.01369863013699,nonseed_control
2_RFD_control_2585_dldesign_0_af2pred,2_RFD_control_3293_dldesign_0_af2pred,38,1,False,False,26.027397260273972,87.32876712328768,True,True,True,26.027397260273972,4.481660487828152,5.754887502163468,0.7787572713008439,0.10658660161381125,9.382042253521124,9.382042253521124,0.7787572713008439,146,54,37,38,2.7037037037037037,1.0,63.01369863013699,nonseed_control
2_RFD_control_2585_dldesign_0_af2pred,2_RFD_control_422_dldesign_0_af2pred,38,1,False,False,26.027397260273972,87.32876712328768,True,True,True,26.027397260273972,4.481660487828152,5.754887502163468,0.7787572713008439,0.10658660161381125,9.382042253521124,9.382042253521124,0.7787572713008439,146,54,37,38,2.7037037037037037,1.0,63.01369863013699,nonseed_control
2_RFD_control_2585_dldesign_0_af2pred,2_RFD_control_3440_dldesign_0_af2pred,38,1,False,False,26.027397260273972,87.32876712328768,True,True,True,26.027397260273972,4.481660487828152,5.754887502163468,0.7787572713008439,0.10658660161381125,9.382042253521124,9.382042253521124,0.7787572713008439,146,54,37,38,2.7037037037037037,1.0,63.01369863013699,nonseed_control
2_RFD_control_2585_dldesign_0_af2pred,1_RFD_control_56_dldesign_0_af2pred,38,1,False,False,26.027397260273972,87.32876712328768,True,True,True,26.027397260273972,4.481660487828152,5.754887502163468,0.7787572713008439,0.10658660161381125,9.382042253521124,9.382042253521124,0.7787572713008439,146,54,37,38,2.7037037037037037,1.0,63.01369863013699,nonseed_control
2_RFD_control_2585_dldesign_0_af2pred,2_RFD_control_3472_dldesign_0_af2pred,38,1,False,False,26.027397260273972,87.32876712328768,True,True,True,26.027397260273972,4.481660487828152,5.754887502163468,0.7787572713008439,0.10658660161381125,9.382042253521124,9.382042253521124,0.7787572713008439,146,54,37,38,2.7037037037037037,1.0,63.01369863013699,nonseed_control
2_RFD_control_2585_dldesign_0_af2pred,2_RFD_control_3503_dldesign_0_af2pred,38,1,False,False,26.027397260273972,87.32876712328768,True,True,True,26.027397260273972,4.481660487828152,5.754887502163468,0.7787572713008439,0.10658660161381125,9.382042253521124,9.382042253521124,0.7787572713008439,146,54,37,38,2.7037037037037037,1.0,63.01369863013699,nonseed_control
2_RFD_control_2585_dldesign_0_af2pred,2_RFD_control_3600_dldesign_0_af2pred,38,1,False,False,26.027397260273972,87.32876712328768,True,True,True,26.027397260273972,4.481660487828152,5.754887502163468,0.7787572713008439,0.10658660161381125,9.382042253521124,9.382042253521124,0.7787572713008439,146,54,37,38,2.7037037037037037,1.0,63.01369863013699,nonseed_control
2_RFD_control_2585_dldesign_0_af2pred,2_RFD_control_41_dldesign_0_af2pred,38,1,False,False,26.027397260273972,87.32876712328768,True,True,True,26.027397260273972,4.481660487828152,5.754887502163468,0.7787572713008439,0.10658660161381125,9.382042253521124,9.382042253521124,0.7787572713008439,146,54,37,38,2.7037037037037037,1.0,63.01369863013699,nonseed_control
2_RFD_control_2585_dldesign_0_af2pred,2_RFD_control_4379_dldesign_0_af2pred,38,1,False,False,26.027397260273972,87.32876712328768,True,True,True,26.027397260273972,4.481660487828152,5.754887502163468,0.7787572713008439,0.10658660161381125,9.382042253521124,9.382042253521124,0.7787572713008439,146,54,37,38,2.7037037037037037,1.0,63.01369863013699,nonseed_control
2_RFD_control_2585_dldesign_0_af2pred,2_RFD_control_457_dldesign_0_af2pred,38,1,False,False,26.027397260273972,87.32876712328768,True,True,True,26.027397260273972,4.481660487828152,5.754887502163468,0.7787572713008439,0.10658660161381125,9.382042253521124,9.382042253521124,0.7787572713008439,146,54,37,38,2.7037037037037037,1.0,63.01369863013699,nonseed_control
2_RFD_control_2585_dldesign_0_af2pred,2_RFD_control_5200_dldesign_0_af2pred,38,1,False,False,26.027397260273972,87.32876712328768,True,True,True,26.027397260273972,4.481660487828152,5.754887502163468,0.7787572713008439,0.10658660161381125,9.382042253521124,9.382042253521124,0.7787572713008439,146,54,37,38,2.7037037037037037,1.0,63.01369863013699,nonseed_control
2_RFD_control_2585_dldesign_0_af2pred,2_RFD_control_720_dldesign_0_af2pred,38,1,False,False,26.027397260273972,87.32876712328768,True,True,True,26.027397260273972,4.481660487828152,5.754887502163468,0.7787572713008439,0.10658660161381125,9.382042253521124,9.382042253521124,0.7787572713008439,146,54,37,38,2.7037037037037037,1.0,63.01369863013699,nonseed_control
2_RFD_control_2585_dldesign_0_af2pred,2_RFD_control_2012_dldesign_0_af2pred,38,1,False,False,26.027397260273972,87.32876712328768,True,True,True,26.027397260273972,4.481660487828152,5.754887502163468,0.7787572713008439,0.10658660161381125,9.382042253521124,9.382042253521124,0.7787572713008439,146,54,37,38,2.7037037037037037,1.0,63.01369863013699,nonseed_control
2_RFD_control_2585_dldesign_0_af2pred,2_RFD_control_2340_dldesign_0_af2pred,38,1,False,False,26.027397260273972,87.32876712328768,True,True,True,26.027397260273972,4.481660487828152,5.754887502163468,0.7787572713008439,0.10658660161381125,9.382042253521124,9.382042253521124,0.7787572713008439,146,54,37,38,2.7037037037037037,1.0,63.01369863013699,nonseed_control
2_RFD_control_2585_dldesign_0_af2pred,2_RFD_control_4851_dldesign_0_af2pred,38,1,False,False,26.027397260273972,87.32876712328768,True,True,True,26.027397260273972,4.481660487828152,5.754887502163468,0.7787572713008439,0.10658660161381125,9.382042253521124,9.382042253521124,0.7787572713008439,146,54,37,38,2.7037037037037037,1.0,63.01369863013699,nonseed_control
2_RFD_control_2585_dldesign_0_af2pred,2_RFD_control_3219_dldesign_0_af2pred,38,1,False,False,26.027397260273972,87.32876712328768,True,True,True,26.027397260273972,4.481660487828152,5.754887502163468,0.7787572713008439,0.10658660161381125,9.382042253521124,9.382042253521124,0.7787572713008439,146,54,37,38,2.7037037037037037,1.0,63.01369863013699,nonseed_control
2_RFD_control_270_dldesign_0_af2pred,2_RFD_control_270_dldesign_0_af2pred,1,43,True,True,0.684931506849315,13.013698630136986,False,False,True,81.5068493150685,4.481660487828152,5.754887502163468,0.7787572713008439,0.10658660161381125,9.382042253521124,9.382042253521124,0.7787572713008439,146,54,37,38,2.7037037037037037,1.0,63.01369863013699,nonseed_control
2_RFD_control_2870_dldesign_0_af2pred,2_RFD_control_2870_dldesign_0_af2pred,2,15,False,True,1.36986301369863,31.164383561643838,False,True,True,69.17808219178082,4.481660487828152,5.754887502163468,0.7787572713008439,0.10658660161381125,9.382042253521124,9.382042253521124,0.7787572713008439,146,54,37,38,2.7037037037037037,1.0,63.01369863013699,nonseed_control
2_RFD_control_2870_dldesign_0_af2pred,2_RFD_control_2901_dldesign_0_af2pred,2,15,False,False,1.36986301369863,31.164383561643838,False,True,True,69.17808219178082,4.481660487828152,5.754887502163468,0.7787572713008439,0.10658660161381125,9.382042253521124,9.382042253521124,0.7787572713008439,146,54,37,38,2.7037037037037037,1.0,63.01369863013699,nonseed_control
2_RFD_control_2892_dldesign_0_af2pred,2_RFD_control_2892_dldesign_0_af2pred,1,44,True,True,0.684931506849315,13.013698630136986,False,False,True,83.56164383561644,4.481660487828152,5.754887502163468,0.7787572713008439,0.10658660161381125,9.382042253521124,9.382042253521124,0.7787572713008439,146,54,37,38,2.7037037037037037,1.0,63.01369863013699,nonseed_control
